FILM;ID ACTEUR;
tt0082449;nm0913738;
tt0082449;nm0000481;
tt0082449;nm0000001;
tt0077898;nm0121400;
tt0077898;nm0125956;
tt0076984;nm0001296;
tt0076984;nm0368745;
tt0076984;nm0070767;
tt0077536;nm0371040;
tt0077536;nm0956544;
tt0076851;nm0001648;
tt0076851;nm0634159;
tt0076851;nm0001811;
tt0075971;nm0385830;
tt0075971;nm0568657;
tt0074130;nm0002082;
tt0074130;nm0001174;
tt0072308;nm0000056;
tt0072308;nm0000537;
tt0072308;nm0000034;
tt0066327;nm0001682;
tt0066327;nm0943978;
tt0066194;nm0000974;
tt0066194;nm0118000;
tt0062572;nm0001822;
tt0062572;nm0861943;
tt0064664;nm0001077;
tt0064664;nm0382391;
tt0062974;nm0164379;
tt0062974;nm0824687;
tt0054535;nm0000328;
tt0054535;nm0557339;
tt0054535;nm0476014;
tt0056742;nm0001362;
tt0056742;nm0922967;
tt0056742;nm0446438;
tt0182576;nm0532235;
tt0182576;nm0097504;
tt0182576;nm0001293;
tt1368858;nm0000002;
tt1368858;nm1242688;
tt1368858;nm0000547;
tt1816518;nm0933727;
tt1816518;nm5312818;
tt1816518;nm0519735;
tt0858500;nm0004051;
tt0858500;nm0289038;
tt1295021;nm0919798;
tt1295021;nm0440487;
tt1295021;nm0217221;
tt1278345;nm0001262;
tt1278345;nm1880888;
tt0783608;nm0000437;
tt0783608;nm0000218;
tt0141842;nm0001254;
tt0141842;nm0000966;
tt0141842;nm0004908;
tt0439848;nm0524099;
tt0439848;nm1845933;
tt0439848;nm0571549;
tt0342735;nm0397171;
tt0342735;nm0207218;
tt0342735;nm0000418;
tt0491524;nm0000968;
tt0338201;nm0001231;
tt0338201;nm0001089;
tt0337876;nm0000173;
tt0337876;nm1080974;
tt0347149;nm0047962;
tt0347149;nm0454120;
tt0347149;nm0309107;
tt0276919;nm0079273;
tt0069899;nm0404091;
tt0069899;nm0217677;
tt0069899;nm0000003;
tt0069990;nm0396136;
tt0069990;nm0140649;
tt0067637;nm0001012;
tt0067637;nm0689488;
tt0066857;nm0893341;
tt0066857;nm0871272;
tt0066164;nm0320760;
tt0066164;nm0138405;
tt0064779;nm0144045;
tt0064779;nm0147561;
tt0064324;nm0740067;
tt0064324;nm0391712;
tt0063592;nm0000125;
tt0063592;nm0000963;
tt0063715;nm0000404;
tt0063715;nm0001128;
tt11609104;nm0105475;
tt0082801;nm0000004;
tt0082801;nm0000101;
tt0082801;nm0907923;
tt0082200;nm0001974;
tt0082200;nm0307255;
tt0080455;nm0130572;
tt0078723;nm0001852;
tt0072562;nm3594683;
tt0072562;nm0661094;
tt0072562;nm0358669;
tt0079660;nm0001735;
tt0079660;nm0430151;
tt0076816;nm0606541;
tt0077621;nm0000197;
tt0077621;nm0005460;
tt0077621;nm0000502;
tt0077975;nm0000261;
tt0077975;nm0001371;
tt0077147;nm0001385;
tt0077147;nm0357032;
tt0077147;nm0268813;
tt0775426;nm1274814;
tt0073691;nm0223619;
tt0073691;nm0078355;
tt0073691;nm0136789;
tt0301538;nm0000331;
tt0301538;nm0183429;
tt9121232;nm0027683;
tt9121232;nm10187301;
tt9121232;nm0000005;
tt0119496;nm0014062;
tt0119496;nm0724688;
tt0119496;nm0430746;
tt0073822;nm0170396;
tt0073822;nm0478043;
tt0073822;nm0882091;
tt0070644;nm0880521;
tt0070644;nm0000761;
tt0069467;nm0843306;
tt0064793;nm0001884;
tt0064897;nm0862026;
tt0064897;nm0252244;
tt0064897;nm0085038;
tt0048272;nm0196992;
tt0047167;nm0518337;
tt0044811;nm0084909;
tt0044811;nm0632274;
tt0043048;nm0645041;
tt0043048;nm0540311;
tt0041998;nm0377397;
tt0041998;nm0854996;
tt0040622;nm0955195;
tt0040622;nm0935389;
tt0039834;nm0530571;
tt0039834;nm0511288;
tt0036914;nm0433512;
tt0036914;nm0458033;
tt0084914;nm0000006;
tt0084914;nm0000885;
tt0084914;nm0184429;
tt0077711;nm0638784;
tt0074878;nm0591485;
tt0074878;nm0000964;
tt0071877;nm0001215;
tt0070079;nm0695110;
tt0070079;nm0233380;
tt0066542;nm0000063;
tt0066542;nm0915851;
tt0064117;nm0000527;
tt0064117;nm0000443;
tt0233023;nm0335519;
tt0233023;nm0447913;
tt0233023;nm0233140;
tt0062306;nm0009255;
tt0062306;nm0019244;
tt0059927;nm0001322;
tt0059927;nm0000511;
tt0058724;nm0832375;
tt0057135;nm0714878;
tt0057135;nm0724732;
tt0207317;nm0713421;
tt0207317;nm0481412;
tt0207317;nm0688497;
tt0054936;nm0598971;
tt0054936;nm0000578;
tt0049291;nm0000007;
tt0049291;nm0001768;
tt0049291;nm0012443;
tt0047985;nm0545298;
tt0048291;nm0000074;
tt0048291;nm0002011;
tt0048801;nm0712731;
tt0046637;nm0728509;
tt0046637;nm0001954;
tt0046637;nm0552756;
tt0046754;nm0001257;
tt0046754;nm0639529;
tt0047437;nm0000030;
tt0046816;nm0001207;
tt0046816;nm0004496;
tt0046414;nm0428354;
tt0046414;nm0518178;
tt0042116;nm0000912;
tt0042116;nm0026655;
tt0042116;nm0933311;
tt0045544;nm0000742;
tt0044533;nm0000856;
tt0044533;nm0001375;
tt0043265;nm0000031;
tt0043265;nm0605923;
tt0044040;nm0869084;
tt0043503;nm0609216;
tt0043503;nm0208125;
tt10905860;nm0000008;
tt10905860;nm0000409;
tt10905860;nm0000514;
tt0442674;nm0000380;
tt0442674;nm0001001;
tt1667880;nm0001391;
tt1667880;nm0000676;
tt0227445;nm0000134;
tt0227445;nm0001570;
tt0120678;nm0000661;
tt0120678;nm0000221;
tt0118768;nm0000136;
tt0118768;nm0068382;
tt0116654;nm0000667;
tt0116654;nm0000174;
tt8391714;nm0000700;
tt0112883;nm0001159;
tt0103962;nm0000633;
tt0103962;nm0004248;
tt0099615;nm0000111;
tt0099615;nm0456124;
tt0097243;nm0840531;
tt0097243;nm0596310;
tt0839995;nm0000432;
tt0839995;nm0001659;
tt0080754;nm0001715;
tt0080754;nm0445715;
tt0078788;nm0000640;
tt0086705;nm0726200;
tt0086705;nm0552361;
tt0087803;nm0000457;
tt0087803;nm0000009;
tt0087803;nm0358180;
tt0085107;nm0000603;
tt0085107;nm0381241;
tt0159876;nm0000267;
tt0159876;nm10862109;
tt0159876;nm0281765;
tt0081859;nm0000516;
tt0081859;nm0056492;
tt0081859;nm0001793;
tt0079492;nm0000550;
tt0079492;nm0165551;
tt0080536;nm0001575;
tt0080536;nm0013119;
tt0080536;nm0147160;
tt0078320;nm0340926;
tt0081975;nm0345297;
tt0081975;nm0103193;
tt0077289;nm0000257;
tt0077289;nm0001749;
tt0078492;nm0000549;
tt0078492;nm0001321;
tt0077921;nm0001665;
tt29120102;nm0000304;
tt0075995;nm0278752;
tt0075995;nm0086780;
tt0076009;nm0001221;
tt0088248;nm0000010;
tt0088248;nm0138770;
tt0088248;nm0000289;
tt0082970;nm0001527;
tt0082970;nm0738415;
tt0062676;nm0444476;
tt0062676;nm0001119;
tt0062676;nm0409869;
tt0331187;nm0547570;
tt0331187;nm1239792;
tt0055256;nm0001976;
tt0055256;nm0863016;
tt0053849;nm0915840;
tt0053849;nm0182626;
tt0053272;nm0614916;
tt0053272;nm0944073;
tt0053109;nm0429250;
tt0053109;nm0809783;
tt0050681;nm0540416;
tt0050681;nm0339452;
tt0408379;nm0355095;
tt0408379;nm0674540;
tt0408379;nm0415591;
tt0042141;nm0599910;
tt0042141;nm0627950;
tt0042141;nm0853299;
tt0049844;nm0001766;
tt0049844;nm0682074;
tt0049881;nm0239210;
tt0049881;nm0573640;
tt0048380;nm0000020;
tt0048380;nm0001635;
tt0048604;nm0899890;
tt0048604;nm0864869;
tt0055214;nm0000011;
tt0055214;nm0000039;
tt0055214;nm0692439;
tt0053455;nm0000032;
tt0053351;nm0000028;
tt0053351;nm0001336;
tt0052545;nm0281766;
tt0052545;nm0179819;
tt0052876;nm0770730;
tt0052876;nm0001500;
tt0051899;nm0518728;
tt0052283;nm0890215;
tt0052283;nm0662646;
tt0050658;nm0002001;
tt0049233;nm0570192;
tt0047956;nm0001948;
tt0047956;nm0000897;
tt0047647;nm0000044;
tt0047647;nm0201005;
tt0047013;nm0001333;
tt0047013;nm0001847;
tt0045563;nm0738746;
tt0046238;nm0427543;
tt0046238;nm0371536;
tt0045184;nm0857187;
tt0045184;nm0108406;
tt0098649;nm0000012;
tt0098649;nm0000324;
tt0098649;nm0131974;
tt0094315;nm0001273;
tt0094315;nm0001637;
tt0090663;nm0001277;
tt0090663;nm0000130;
tt0089640;nm0590055;
tt0085032;nm0000981;
tt0085032;nm0783314;
tt0085032;nm0177211;
tt0086198;nm0000071;
tt0086198;nm0227039;
tt0084258;nm0001450;
tt0084258;nm0822972;
tt0084258;nm0000842;
tt0084494;nm0298323;
tt0084494;nm0447782;
tt0082360;nm0405175;
tt0082360;nm0399663;
tt0081526;nm0381606;
tt0081526;nm0005385;
tt0081738;nm0000468;
tt0081738;nm0724202;
tt0081750;nm0362085;
tt0081750;nm0373012;
tt0079956;nm0001687;
tt0079956;nm0707077;
tt0077413;nm0001201;
tt0077413;nm0531546;
tt0078158;nm0000489;
tt0078158;nm0001668;
tt0062558;nm0000013;
tt0062558;nm0114439;
tt0062558;nm0823301;
tt0063905;nm0197314;
tt0063905;nm0813940;
tt0063905;nm0130210;
tt0063821;nm0001417;
tt0063821;nm0140946;
tt0063801;nm0607666;
tt0063801;nm0856103;
tt0061380;nm0336335;
tt0061380;nm0001421;
tt0061447;nm0001827;
tt10898960;nm0001792;
tt0060463;nm0323960;
tt0059112;nm0045968;
tt0058571;nm0001369;
tt0058571;nm0709704;
tt0057329;nm0001258;
tt0057329;nm0000917;
tt0057581;nm0290086;
tt0055797;nm0002051;
tt0056575;nm0000026;
tt0056575;nm0949574;
tt0096460;nm0000762;
tt0096460;nm0005412;
tt0096460;nm0000014;
tt0090638;nm0001388;
tt0090638;nm0631761;
tt0090490;nm0000263;
tt0090490;nm0001016;
tt0090490;nm0143779;
tt0084609;nm0005289;
tt0084609;nm0047779;
tt0082779;nm0084642;
tt0082779;nm0001153;
tt0075529;nm0533891;
tt0075529;nm0465728;
tt0075529;nm0486198;
tt0079152;nm0000482;
tt0079152;nm0000266;
tt0079152;nm0000977;
tt0078678;nm0005247;
tt0078678;nm0002126;
tt0078678;nm0467178;
tt0078350;nm0000323;
tt0078350;nm0001684;
tt0075648;nm0000493;
tt0075648;nm0001072;
tt0069110;nm0447305;
tt0069110;nm0630375;
tt0067721;nm0625343;
tt0067721;nm0827084;
tt0065374;nm0002198;
tt0065374;nm0045996;
tt0065374;nm0000298;
tt0061245;nm0858683;
tt0061245;nm0175788;
tt0041007;nm0806065;
tt0041007;nm5581323;
tt0041007;nm0336121;
tt0049261;nm0000072;
tt0049261;nm0000015;
tt0047724;nm0853576;
tt0047724;nm0141311;
tt0047724;nm0768996;
tt0048545;nm0000081;
tt0048545;nm0000543;
tt0043228;nm0000051;
tt0043228;nm0002050;
tt0043228;nm0656745;
tt0042123;nm0139392;
tt0042123;nm0413640;
tt0042123;nm0472603;
tt0048028;nm0364915;
tt0045449;nm0453006;
tt0045449;nm0658133;
tt0045449;nm0028647;
tt0045395;nm0001654;
tt0045395;nm0378532;
tt0045395;nm0004864;
tt0042098;nm0823154;
tt0042098;nm0083081;
tt0040049;nm0529313;
tt0040049;nm4829840;
tt0042074;nm0249950;
tt0042074;nm0065579;
tt0042074;nm0792714;
tt0039123;nm0379051;
tt0039123;nm0181961;
tt0070460;nm0000302;
tt0070460;nm0529543;
tt0070460;nm0000076;
tt0268867;nm0264554;
tt0268867;nm0746164;
tt0066989;nm0548440;
tt0066989;nm0854909;
tt0324361;nm0797531;
tt0324361;nm0412245;
tt0324361;nm0156737;
tt0053964;nm0167346;
tt0053964;nm0561287;
tt0079867;nm0000309;
tt0079867;nm0739185;
tt0079867;nm0001571;
tt0058453;nm0039510;
tt0055031;nm0000075;
tt0052311;nm0000080;
tt0052311;nm0001463;
tt0051201;nm0000061;
tt0051201;nm0000017;
tt0051201;nm0001452;
tt0049520;nm0001120;
tt0049520;nm0640023;
tt0048960;nm0000057;
tt0048960;nm0134594;
tt0048960;nm0192958;
tt0045070;nm0002072;
tt0043859;nm0424318;
tt0042994;nm0943837;
tt0042994;nm0865262;
tt0041523;nm0867144;
tt0041523;nm0908695;
tt0041523;nm0566584;
tt0040367;nm0000795;
tt0040367;nm0526184;
tt0039428;nm0001537;
tt0039428;nm0904531;
tt0038728;nm0300064;
tt0038728;nm0195956;
tt0036984;nm0172903;
tt0036984;nm0185883;
tt1462446;nm0000018;
tt0290218;nm0329640;
tt0290218;nm0875912;
tt0311110;nm0000140;
tt0311110;nm0001613;
tt0108968;nm0004884;
tt0108968;nm0005343;
tt0108968;nm0004891;
tt0096697;nm0144657;
tt0096697;nm0004813;
tt0096697;nm0733427;
tt5789448;nm0377118;
tt0111353;nm0005266;
tt0111353;nm0000787;
tt0096560;nm0886733;
tt0096560;nm0265067;
tt0109936;nm0000150;
tt0109936;nm0001802;
tt0105343;nm0000310;
tt0105343;nm0676349;
tt0096708;nm0440885;
tt0096708;nm0110735;
tt0096708;nm0001208;
tt0103194;nm0816279;
tt0103194;nm0046793;
tt0102603;nm0000230;
tt0102603;nm0001560;
tt0095373;nm0001673;
tt0095373;nm0569000;
tt0093267;nm0748207;
tt0093267;nm0690743;
tt0093267;nm0576862;
tt0086412;nm0814773;
tt0086412;nm0097967;
tt0086412;nm0299993;
tt0075793;nm0542063;
tt0075793;nm0002094;
tt0075793;nm0762248;
tt0069191;nm0055525;
tt0069191;nm0327436;
tt0069191;nm0282671;
tt0065380;nm0000995;
tt0065380;nm0563435;
tt0066922;nm0082419;
tt0066922;nm0714805;
tt0066922;nm0780002;
tt5508084;nm0060663;
tt5508084;nm0000019;
tt5508084;nm0536167;
tt0040092;nm2518733;
tt0038823;nm0768578;
tt0038823;nm0601224;
tt0038823;nm0875630;
tt0083141;nm0001485;
tt0083141;nm0004834;
tt0080789;nm0002144;
tt0081273;nm0342732;
tt0081273;nm0000459;
tt0080417;nm0000169;
tt0080417;nm0434565;
tt0080417;nm0926552;
tt0073992;nm0860681;
tt0073992;nm0110814;
tt0073992;nm0290933;
tt0080116;nm0001228;
tt0080116;nm0000222;
tt0080116;nm0507187;
tt0078976;nm0628017;
tt0078976;nm0164540;
tt0078976;nm0001859;
tt0077539;nm0460651;
tt0077691;nm0570263;
tt0077691;nm0405082;
tt0078641;nm0000245;
tt0078641;nm0300096;
tt0078641;nm0102963;
tt0076102;nm0000918;
tt0076102;nm0002058;
tt0076102;nm0312575;
tt0109919;nm0694619;
tt0109919;nm0000970;
tt0109919;nm0455133;
tt0090908;nm0000021;
tt0090908;nm0001868;
tt0090908;nm0791502;
tt0090411;nm0001440;
tt0090411;nm0395448;
tt0090411;nm0001626;
tt0084981;nm0290163;
tt0084981;nm0574534;
tt0084981;nm0642198;
tt0072559;nm0302387;
tt0072559;nm0057845;
tt0072559;nm0011716;
tt0078449;nm0000646;
tt0078449;nm0000348;
tt0078449;nm0000999;
tt0066636;nm0002016;
tt0066636;nm0191611;
tt0066636;nm0685965;
tt0060307;nm0909727;
tt0060307;nm0566680;
tt0057736;nm0001078;
tt0057736;nm0307500;
tt0057736;nm0570451;
tt0055657;nm0000033;
tt0055657;nm0691128;
tt0055657;nm0431548;
tt0050073;nm0569795;
tt0050073;nm0934211;
tt0050073;nm0395667;
tt0054532;nm0694090;
tt0055184;nm0000022;
tt0055184;nm0000054;
tt0055184;nm0001050;
tt0053957;nm0000047;
tt0052662;nm0004647;
tt0052662;nm0658339;
tt0052151;nm0912001;
tt0050166;nm0001627;
tt0049407;nm0662223;
tt0049407;nm0929795;
tt0048691;nm0000066;
tt0048691;nm0752813;
tt0048640;nm0719692;
tt0046770;nm0001805;
tt0046770;nm0001514;
tt0046085;nm0000038;
tt0046124;nm0587061;
tt0043751;nm0002024;
tt0043371;nm0534045;
tt0043262;nm0001544;
tt0043262;nm0388303;
tt0284714;nm0792369;
tt0284714;nm0124889;
tt0284714;nm0272244;
tt0057168;nm0000023;
tt0057168;nm0001958;
tt0057168;nm0001430;
tt0057093;nm0332587;
tt0047522;nm0007217;
tt0043012;nm0000037;
tt0043012;nm0102787;
tt0041507;nm0757064;
tt0040976;nm0237025;
tt0040308;nm0492444;
tt0040694;nm0805790;
tt0039035;nm0908153;
tt0039035;nm0107082;
tt0038589;nm0001961;
tt0039116;nm0000840;
tt0243166;nm0056217;
tt0243166;nm0682071;
tt0243166;nm0000024;
tt0127536;nm0000949;
tt0127536;nm0318884;
tt0127536;nm0191358;
tt0127933;nm0434712;
tt0127933;nm0700059;
tt0127933;nm0235868;
tt0120800;nm0319698;
tt0120800;nm0000144;
tt0120800;nm0180639;
tt0130414;nm0000554;
tt0130414;nm0000307;
tt0118297;nm0054535;
tt0118297;nm0428933;
tt0118297;nm0750971;
tt2040116;nm1869438;
tt2040116;nm0006339;
tt2040116;nm0623762;
tt0118933;nm0747687;
tt0118933;nm0069109;
tt0118933;nm0766056;
tt0116477;nm0000110;
tt0116477;nm0001046;
tt0116477;nm0001394;
tt0117364;nm0000518;
tt0117364;nm0001347;
tt0116136;nm0000598;
tt0116136;nm0000539;
tt0115195;nm0001101;
tt0117631;nm0001691;
tt0117631;nm0000090;
tt0117631;nm0104051;
tt0121028;nm0493271;
tt0121028;nm0590423;
tt0113269;nm0001644;
tt0113269;nm0000295;
tt0061170;nm0001380;
tt0058092;nm0001989;
tt0058092;nm0002145;
tt0053877;nm0000053;
tt0053143;nm0639613;
tt0053125;nm0001693;
tt0051745;nm0405054;
tt0051773;nm0662116;
tt0050599;nm0543790;
tt0050599;nm0002063;
tt0050105;nm0219396;
tt0050858;nm0000069;
tt0048728;nm0484829;
tt0044916;nm0001677;
tt8924990;nm0000355;
tt8924990;nm0000402;
tt8924990;nm0000148;
tt0116230;nm0513520;
tt0116230;nm0743335;
tt0116230;nm0761907;
tt0110604;nm0958461;
tt0110604;nm0728004;
tt0110604;nm0724084;
tt0297625;nm1023764;
tt0297625;nm0910278;
tt0298685;nm0000453;
tt0298685;nm0681975;
tt0102181;nm0000460;
tt0102181;nm0000622;
tt0102181;nm0001297;
tt0095274;nm0928134;
tt0095274;nm0063671;
tt0095530;nm0000027;
tt0095530;nm0339343;
tt0087192;nm0038914;
tt0087192;nm0737121;
tt0087892;nm0001114;
tt0087892;nm0051856;
tt0087892;nm0001919;
tt0086190;nm0000434;
tt0085873;nm0001545;
tt0083480;nm0040586;
tt0083480;nm0665473;
tt0081062;nm0005401;
tt0081062;nm0692110;
tt0069515;nm0001449;
tt0062601;nm0746387;
tt0062601;nm0552189;
tt0062601;nm0654365;
tt0067681;nm0002069;
tt0067681;nm0907480;
tt0067681;nm0003225;
tt0067476;nm0647005;
tt0067476;nm0134078;
tt0062712;nm0001428;
tt0061377;nm0771268;
tt0060848;nm0000919;
tt0060848;nm0000989;
tt0059460;nm0001229;
tt0059460;nm0813961;
tt0057952;nm0000078;
tt0056057;nm0936476;
tt0053308;nm0290047;
tt0116929;nm0000680;
tt0116929;nm0660816;
tt0116929;nm0000029;
tt0116017;nm0006431;
tt0116017;nm0067684;
tt0421542;nm1698625;
tt0421542;nm0080936;
tt0421542;nm0201151;
tt0183973;nm0271748;
tt0183973;nm0661293;
tt0110138;nm0636694;
tt0110138;nm0842884;
tt0110138;nm0000922;
tt0104069;nm0002989;
tt0104069;nm0005331;
tt0104069;nm0004767;
tt0109656;nm0001881;
tt0109656;nm0002078;
tt0104766;nm0317293;
tt0104766;nm0001744;
tt0104766;nm0002057;
tt0106954;nm0369513;
tt0106954;nm0369567;
tt0101759;nm0002743;
tt0101759;nm0467664;
tt0102122;nm0000617;
tt0102122;nm0098733;
tt0100141;nm0153652;
tt0100141;nm0025343;
tt5348618;nm7857127;
tt5348618;nm0233609;
tt5348618;nm4868327;
tt0181770;nm0825952;
tt0181770;nm0501069;
tt0087350;nm0001812;
tt0087350;nm0729473;
tt0096794;nm0000377;
tt0096794;nm0000456;
tt0096794;nm0424635;
tt0093440;nm0000872;
tt0083189;nm0361039;
tt0075147;nm0001727;
tt0062467;nm0000273;
tt0062407;nm0111376;
tt0060522;nm0000564;
tt0060522;nm0908919;
tt0058385;nm0391361;
tt0054698;nm0000577;
tt0054698;nm0623658;
tt0054428;nm0001559;
tt0053131;nm0002075;
tt0053131;nm0262725;
tt0110732;nm0001857;
tt0110732;nm0001436;
tt0110391;nm0000886;
tt0110391;nm0000906;
tt0111415;nm0000867;
tt0467484;nm2737793;
tt0467484;nm0000271;
tt0467484;nm0001923;
tt0104805;nm0641939;
tt0104805;nm0065798;
tt0095502;nm0042438;
tt0095502;nm0285301;
tt0091567;nm0332390;
tt0091567;nm0000935;
tt0087354;nm0000560;
tt0087354;nm0494264;
tt0079000;nm0768520;
tt0079000;nm0292077;
tt0078025;nm0571557;
tt0078025;nm0227486;
tt0073636;nm0001875;
tt0073310;nm0000059;
tt0070115;nm0001832;
tt0070115;nm0587151;
tt0069958;nm0006890;
tt0293495;nm0470981;
tt0293495;nm0000719;
tt0363468;nm0292114;
tt0363468;nm0573926;
tt0193364;nm0000241;
tt0193364;nm0590499;
tt0133152;nm0000242;
tt0133152;nm0000619;
tt0239395;nm0000285;
tt0239395;nm0001497;
tt0239395;nm0000156;
tt0141907;nm0000473;
tt0141907;nm0000176;
tt0247134;nm0001836;
tt0247134;nm0682970;
tt0247134;nm0254402;
tt0112111;nm0176723;
tt0112111;nm0224477;
tt0112111;nm0773796;
tt0146838;nm0000199;
tt0146838;nm0000139;
tt0206617;nm0351133;
tt0907895;nm0002015;
tt0907895;nm0002018;
tt0907895;nm0330240;
tt0141121;nm0000483;
tt0141121;nm0005279;
tt0120591;nm0000246;
tt0120591;nm0000671;
tt0120591;nm0000255;
tt0227868;nm0442948;
tt0227868;nm0724656;
tt0227868;nm0815718;
tt0083015;nm0001943;
tt0080671;nm0860233;
tt0078801;nm0001934;
tt0079117;nm0001699;
tt0077394;nm0779963;
tt0074085;nm0004309;
tt0074085;nm0626259;
tt0071292;nm0789208;
tt0071292;nm0492342;
tt0069822;nm0001464;
tt0069822;nm0138354;
tt0069806;nm0764134;
tt0069179;nm0000308;
tt0069179;nm0834754;
tt0084726;nm0000638;
tt0084726;nm0000559;
tt0084726;nm0001420;
tt0060438;nm0799014;
tt0060438;nm0000036;
tt0224066;nm0155043;
tt0224066;nm0511695;
tt0061599;nm0289960;
tt0061599;nm0409049;
tt0060410;nm0365778;
tt0060410;nm0439170;
tt0059704;nm0000811;
tt0059704;nm0909117;
tt0059704;nm0003110;
tt0059287;nm0002088;
tt0059287;nm0382722;
tt0059287;nm0002046;
tt0051267;nm0001656;
tt0051267;nm0676928;
tt0051267;nm0079475;
tt0294702;nm0005994;
tt0294702;nm0003123;
tt0294702;nm0001141;
tt0058440;nm0456565;
tt0058440;nm0006471;
tt0056745;nm0058001;
tt0056745;nm0176684;
tt0056745;nm0867538;
tt0056762;nm0001588;
tt0056762;nm0260020;
tt0056762;nm0852076;
tt0185731;nm0625822;
tt0185731;nm0889636;
tt0090522;nm0001058;
tt0090522;nm0001922;
tt0088583;nm0113617;
tt0081777;nm0000556;
tt0081777;nm0065235;
tt0078652;nm0001546;
tt0078652;nm0000474;
tt0078652;nm0518323;
tt0076890;nm0460773;
tt0076890;nm0001381;
tt0070068;nm0001902;
tt0061736;nm0828447;
tt0061736;nm0486057;
tt0062873;nm0000366;
tt0062873;nm0001995;
tt0062873;nm0233753;
tt0061830;nm0726839;
tt0061830;nm0144252;
tt0055676;nm0948685;
tt0055676;nm0001991;
tt0051911;nm0872456;
tt0049815;nm0431139;
tt0047050;nm0001289;
tt0047050;nm0007222;
tt0046912;nm0191950;
tt0040051;nm0299026;
tt0040051;nm3238776;
tt0043204;nm0924668;
tt0043204;nm0285576;
tt0091212;nm0780485;
tt0091212;nm0298386;
tt1518190;nm0248324;
tt0088744;nm0751425;
tt0088744;nm2583700;
tt0089910;nm0873661;
tt0085114;nm0000960;
tt0762803;nm0607659;
tt0762803;nm0334438;
tt0762803;nm0089944;
tt0063467;nm0178509;
tt0061452;nm0000634;
tt0061634;nm0001790;
tt0059431;nm0001509;
tt0057933;nm0001539;
tt0057917;nm0000042;
tt0055718;nm0130286;
tt0055264;nm0079399;
tt0055264;nm0264770;
tt0053583;nm0201626;
tt0054142;nm0641397;
tt0053884;nm0002022;
tt0053884;nm0738042;
tt0053045;nm0427700;
tt0053045;nm0108270;
tt0051393;nm0432827;
tt0050298;nm0287769;
tt0050298;nm0000904;
tt0050208;nm0916067;
tt0050192;nm0562920;
tt0049714;nm0687958;
tt0049714;nm0634313;
tt0065727;nm0000043;
tt0065727;nm0679909;
tt0065727;nm1223851;
tt0060421;nm0534297;
tt0060421;nm0441004;
tt0044243;nm0796662;
tt0044243;nm0002143;
tt0044243;nm0874139;
tt0043238;nm0000558;
tt0043238;nm0699149;
tt0043238;nm0825264;
tt0184097;nm0191807;
tt0184097;nm0593775;
tt0184097;nm0950019;
tt0043183;nm0604960;
tt0043183;nm0177642;
tt0043183;nm0786836;
tt0045203;nm0779923;
tt0045203;nm0194742;
tt0042144;nm0560857;
tt0042144;nm0365259;
tt0042144;nm0553014;
tt0041037;nm0303128;
tt0041037;nm0479011;
tt0041037;nm0572844;
tt0041883;nm0001105;
tt0040479;nm0293530;
tt0040479;nm0368779;
tt0040754;nm0146542;
tt0040754;nm0280178;
tt0100889;nm0598720;
tt0100361;nm0001632;
tt0100361;nm0001097;
tt0094530;nm0703811;
tt0094530;nm0286110;
tt0097351;nm0000126;
tt0097351;nm0000469;
tt0097351;nm0000501;
tt0094787;nm0646037;
tt0094787;nm0002027;
tt0096003;nm0000751;
tt0096003;nm0165101;
tt0092781;nm0625075;
tt0092781;nm0003679;
tt0092187;nm0257151;
tt0092187;nm0489504;
tt0092105;nm0001164;
tt0090701;nm0778016;
tt0090701;nm0740070;
tt0090491;nm0494432;
tt0089496;nm0452288;
tt0089966;nm0715622;
tt0086058;nm0000442;
tt0077594;nm0000045;
tt0070034;nm0768334;
tt0070034;nm0446485;
tt0068935;nm0001569;
tt0068935;nm0583963;
tt0068767;nm0862875;
tt0066681;nm0556848;
tt0066681;nm0725052;
tt0067824;nm0947935;
tt0064638;nm0402281;
tt0062569;nm0114543;
tt0062569;nm0792385;
tt0062569;nm0815800;
tt0062547;nm0366566;
tt0062547;nm0404298;
tt0062547;nm0730435;
tt0061266;nm0000994;
tt0061266;nm0303168;
tt0061266;nm0593285;
tt0059991;nm0931868;
tt0059991;nm0906147;
tt0059968;nm0001842;
tt0059968;nm0911431;
tt0059968;nm0621002;
tt0060008;nm0498422;
tt0060008;nm0000926;
tt0060008;nm1569020;
tt0193458;nm0628736;
tt0193458;nm1720239;
tt0193289;nm1951287;
tt0193289;nm1138888;
tt0059712;nm0000046;
tt0040053;nm0838047;
tt0040053;nm0915590;
tt0040053;nm0795971;
tt0055382;nm0114982;
tt0914702;nm0290136;
tt0914702;nm0121588;
tt0914702;nm0382105;
tt0047978;nm0603336;
tt0040098;nm0601476;
tt0038390;nm0001647;
tt0034272;nm0610253;
tt0033238;nm0001791;
tt0033238;nm0914778;
tt0032179;nm0052203;
tt0030989;nm0000859;
tt10627584;nm5098066;
tt10627584;nm0139528;
tt13463216;nm13970926;
tt13463216;nm13970927;
tt13463216;nm8561818;
tt3032274;nm0516272;
tt3032274;nm0093793;
tt1483419;nm2188652;
tt1483419;nm2860525;
tt0875034;nm0000358;
tt0875034;nm0182839;
tt0875034;nm0004851;
tt0418590;nm1207852;
tt0367360;nm0277116;
tt0367360;nm0664175;
tt0289668;nm0000227;
tt0289668;nm0000679;
tt0295266;nm0316284;
tt0295266;nm0314358;
tt0120158;nm0845270;
tt0113228;nm0000268;
tt0110907;nm0000210;
tt0110907;nm0000052;
tt0098244;nm0208371;
tt0098244;nm0208171;
tt0268070;nm0005162;
tt0268070;nm0643647;
tt0094508;nm0903901;
tt0094508;nm0438905;
tt0094508;nm0001711;
tt0058456;nm0001471;
tt0058456;nm0000839;
tt0058456;nm0806041;
tt0058384;nm0658885;
tt0056943;nm0000048;
tt0056943;nm0000472;
tt0056768;nm0507081;
tt0056768;nm0211402;
tt0056768;nm0870038;
tt0051247;nm0126318;
tt0185797;nm0569073;
tt0053534;nm0590398;
tt0053534;nm0536781;
tt0053534;nm0179148;
tt0055988;nm0003104;
tt0056552;nm0682423;
tt0056552;nm0300825;
tt0054542;nm0073764;
tt0054542;nm0362567;
tt0054542;nm0926897;
tt0360247;nm0176235;
tt0360247;nm0842425;
tt0360247;nm0496768;
tt0053491;nm0313340;
tt0053491;nm0565982;
tt0053491;nm0001982;
tt0052504;nm0000142;
tt0052504;nm0109495;
tt0052504;nm0707063;
tt0106004;nm0001288;
tt0106004;nm0005137;
tt0106004;nm0001383;
tt0108187;nm0000905;
tt0108187;nm0007042;
tt27192439;nm0000049;
tt27192439;nm0189030;
tt27192439;nm0199049;
tt0063939;nm0514648;
tt0063939;nm0293659;
tt0063939;nm0057969;
tt0061739;nm0301887;
tt0061739;nm0222873;
tt0061739;nm0000799;
tt0068334;nm0000602;
tt0068334;nm0001967;
tt0068334;nm0002048;
tt0062575;nm0140792;
tt0062575;nm0178527;
tt0063612;nm0001276;
tt0063612;nm0151919;
tt0195466;nm0647692;
tt0195466;nm1472401;
tt0060169;nm0758130;
tt0060169;nm0002147;
tt0052447;nm2837082;
tt0052447;nm0104971;
tt0052447;nm0903383;
tt0051016;nm0001443;
tt0051016;nm0000050;
tt0051196;nm0236860;
tt0157035;nm0004730;
tt0157035;nm0421300;
tt0044662;nm0933810;
tt0042753;nm0647970;
tt0042753;nm0002013;
tt0088746;nm0660327;
tt0088471;nm0223157;
tt0088111;nm0002081;
tt0088111;nm0878302;
tt0089049;nm0000869;
tt0089049;nm0000627;
tt0086720;nm0001157;
tt0086720;nm0241232;
tt0331999;nm0818973;
tt0331999;nm0732896;
tt0331999;nm0000568;
tt0085152;nm0767181;
tt0085152;nm0903964;
tt0086618;nm0001037;
tt0086618;nm0001507;
tt0082233;nm0000643;
tt0082233;nm0004126;
tt0082233;nm0604686;
tt0343302;nm0487743;
tt0343302;nm0827137;
tt0120443;nm0310352;
tt0120443;nm0798611;
tt0117968;nm0302105;
tt0117968;nm0004650;
tt0114086;nm0000272;
tt0114086;nm0143309;
tt0114086;nm0001393;
tt0115479;nm0021835;
tt0115479;nm0000809;
tt0112654;nm0681566;
tt0112654;nm0305488;
tt0235156;nm0481030;
tt0235156;nm0778543;
tt0108435;nm0342393;
tt0108435;nm0102078;
tt0108435;nm0553648;
tt0106678;nm0104723;
tt0106678;nm0687952;
tt0105706;nm0000870;
tt0105706;nm0001788;
tt0103224;nm0596807;
tt0102439;nm0603402;
tt0102439;nm0139711;
tt0103055;nm0147699;
tt0103200;nm0094789;
tt0103200;nm0408490;
tt0100681;nm0006807;
tt0100681;nm0146848;
tt0126973;nm0593843;
tt0126973;nm0002663;
tt0112061;nm0001194;
tt0112061;nm0507439;
tt0112061;nm0571742;
tt0114075;nm0731772;
tt0112817;nm0001200;
tt0112817;nm0000417;
tt0112440;nm0608239;
tt0112440;nm0001387;
tt0101035;nm0000280;
tt0101035;nm0363615;
tt0108588;nm0000137;
tt0108588;nm0000874;
tt0108358;nm0000621;
tt0108358;nm0000385;
tt0261287;nm0881710;
tt0261287;nm0887013;
tt0101540;nm0001448;
tt0173437;nm0662321;
tt0098792;nm0687009;
tt0098792;nm0489476;
tt0100148;nm0001154;
tt0100148;nm0314789;
tt0100428;nm0104787;
tt0100428;nm0240309;
tt0097611;nm0593850;
tt0050861;nm0915077;
tt0048605;nm0263885;
tt0048605;nm0450810;
tt0047574;nm0581062;
tt0047574;nm0640307;
tt0047422;nm0001983;
tt0045891;nm0002107;
tt0046126;nm0676492;
tt0044981;nm0020521;
tt0044981;nm0000879;
tt0044557;nm0000843;
tt0313901;nm0000055;
tt0313901;nm0953123;
tt0032023;nm0374011;
tt0032023;nm0566948;
tt0032023;nm0498571;
tt0030194;nm0579663;
tt0030194;nm1360648;
tt0892391;nm0065274;
tt0901686;nm1249256;
tt0901686;nm0005562;
tt0901686;nm0909274;
tt4439852;nm0000345;
tt4439852;nm0233209;
tt4439852;nm1747568;
tt0814044;nm0123553;
tt0814044;nm2055652;
tt0317219;nm0001372;
tt0401623;nm0000158;
tt0401623;nm0179173;
tt0401623;nm0403914;
tt0376591;nm0000438;
tt0376591;nm0000450;
tt0376591;nm0000166;
tt0361185;nm0183698;
tt0361185;nm1197217;
tt0353849;nm0040739;
tt0353849;nm0057413;
tt0353849;nm0063804;
tt0257044;nm0388382;
tt0257044;nm1005576;
tt0149367;nm0000400;
tt0149367;nm0000551;
tt0139462;nm0000705;
tt0119594;nm0000215;
tt0081470;nm0000060;
tt0081439;nm0000608;
tt27163022;nm0019804;
tt27163022;nm0052244;
tt0079630;nm0864892;
tt0075807;nm0000149;
tt0074937;nm0000393;
tt0074968;nm0461455;
tt0493295;nm0823174;
tt0073511;nm0001536;
tt0073511;nm0473228;
tt0246748;nm0000058;
tt0246748;nm0000655;
tt0246748;nm0000746;
tt0161356;nm0000892;
tt0161356;nm0004738;
tt0112667;nm0001796;
tt0112667;nm0001578;
tt0102598;nm0001006;
tt0102598;nm0000639;
tt0070598;nm0424565;
tt0066831;nm0095524;
tt0061284;nm0000305;
tt0061284;nm0004931;
tt0058949;nm0106387;
tt0595253;nm0057910;
tt0595253;nm0320006;
tt0595253;nm0368836;
tt0057298;nm0915618;
tt0057523;nm0531279;
tt2199914;nm0000548;
tt0096416;nm0662511;
tt0096416;nm0842770;
tt0090476;nm0000147;
tt0090476;nm0145284;
tt0090476;nm0079659;
tt0090502;nm0001703;
tt0090502;nm0001725;
tt22409520;nm0362058;
tt22409520;nm0001364;
tt22409520;nm0642522;
tt0087190;nm0715953;
tt0086746;nm0000306;
tt0086993;nm0000154;
tt0086993;nm0000164;
tt0092047;nm0624680;
tt0085755;nm0001265;
tt0087561;nm0571674;
tt0087561;nm0512305;
tt0084875;nm0038870;
tt0083390;nm0703438;
tt0083390;nm0590411;
tt0120756;nm0001794;
tt0120756;nm0001772;
tt0120756;nm0117412;
tt0107859;nm0669637;
tt3498448;nm0001018;
tt3498448;nm0396271;
tt3498448;nm0055280;
tt0102609;nm0000362;
tt0102609;nm0000542;
tt0098022;nm0001751;
tt0092545;nm0018365;
tt0083387;nm0005078;
tt0083387;nm0358713;
tt0083387;nm0240564;
tt0076342;nm0281130;
tt0075005;nm0827032;
tt0069786;nm0036107;
tt0067750;nm0703947;
tt0067750;nm0529149;
tt0053290;nm0001695;
tt0051028;nm0001224;
tt0161126;nm0179154;
tt0161126;nm0926402;
tt0161126;nm0925794;
tt0049170;nm0790021;
tt0048767;nm0250724;
tt0048312;nm0290295;
tt0045961;nm0601930;
tt0046080;nm0001453;
tt0046080;nm0011105;
tt0045041;nm0593192;
tt0045041;nm0327089;
tt0043668;nm0001955;
tt0043959;nm0549280;
tt0042195;nm0696163;
tt0065537;nm0000062;
tt0065537;nm0573552;
tt0065125;nm0415476;
tt0064155;nm0294229;
tt0063231;nm0137004;
tt0063231;nm0692093;
tt0063634;nm0005434;
tt0063643;nm0580565;
tt0063643;nm0000951;
tt0061489;nm0001193;
tt0061595;nm0206341;
tt0061595;nm0002369;
tt0061610;nm0550847;
tt0061610;nm0696330;
tt0061015;nm0564223;
tt0059563;nm0500299;
tt0059563;nm0793363;
tt0060429;nm0235031;
tt0060429;nm0604702;
tt0059255;nm0595039;
tt0059255;nm0420364;
tt0056585;nm0485388;
tt0059224;nm0831905;
tt0275947;nm0000656;
tt0383009;nm0703918;
tt0383009;nm1683351;
tt0383009;nm1651077;
tt0228685;nm0079343;
tt0228685;nm0818784;
tt0115144;nm0001070;
tt0115144;nm0711118;
tt0115144;nm0234791;
tt0117657;nm0093718;
tt0117657;nm0873384;
tt5152308;nm0282879;
tt5152308;nm0563150;
tt0117604;nm0001831;
tt0117604;nm0456254;
tt0116441;nm0000800;
tt0116441;nm0001235;
tt0375395;nm0023600;
tt0375395;nm1364198;
tt0375395;nm2147896;
tt0379362;nm0749430;
tt0379362;nm0551277;
tt0114887;nm0000206;
tt0114887;nm0845209;
tt0110018;nm0001757;
tt0110018;nm0000478;
tt0284316;nm0001762;
tt0070723;nm0000064;
tt0070723;nm0853375;
tt0068995;nm0455394;
tt0068995;nm0077161;
tt0068995;nm0295079;
tt0065327;nm0785245;
tt0065327;nm0914766;
tt0065327;nm0678620;
tt5241678;nm0203384;
tt5241678;nm0094288;
tt5241678;nm0267232;
tt0433510;nm0313519;
tt0433510;nm0735471;
tt0066393;nm0001341;
tt0066393;nm0561273;
tt0066393;nm0774622;
tt0063877;nm0020490;
tt0063877;nm0368142;
tt0063877;nm0365709;
tt0066179;nm0000832;
tt0063928;nm0198446;
tt0063928;nm0263496;
tt0063928;nm0404533;
tt0063556;nm0148041;
tt0063556;nm0117863;
tt0063341;nm0001813;
tt0063341;nm0699063;
tt0062731;nm0000079;
tt0056801;nm0000733;
tt0086734;nm0004885;
tt0086734;nm0469671;
tt0086734;nm0356251;
tt0085116;nm0001732;
tt2103266;nm0678014;
tt2103266;nm0197639;
tt0065610;nm0000942;
tt0065610;nm0447648;
tt0061420;nm0490871;
tt0061420;nm0416466;
tt0061420;nm0805177;
tt0060564;nm0000763;
tt0060564;nm0001033;
tt0058091;nm0477088;
tt0043224;nm0804026;
tt0043224;nm2582914;
tt0043224;nm0319497;
tt0044259;nm0003224;
tt0051328;nm0000789;
tt0051328;nm0330050;
tt0453991;nm0329433;
tt0453991;nm0474685;
tt0453991;nm0024720;
tt0050422;nm0576127;
tt0043743;nm0000765;
tt0029087;nm0232196;
tt0029087;nm0888479;
tt0056412;nm0000068;
tt0056412;nm0366866;
tt0053729;nm0309607;
tt0053729;nm0015391;
tt0053220;nm0824606;
tt0053220;nm0731490;
tt0051437;nm0445868;
tt0050296;nm0140865;
tt0051047;nm0001577;
tt0049745;nm0354853;
tt0049745;nm0282435;
tt0049743;nm0751149;
tt0049743;nm0001511;
tt0048289;nm0027566;
tt0048690;nm0145312;
tt0048535;nm0875861;
tt0048535;nm0694580;
tt0048703;nm0104720;
tt0046801;nm0233828;
tt0046801;nm0934798;
tt0115034;nm0022887;
tt0115034;nm12831065;
tt0115034;nm0084370;
tt27692488;nm0423388;
tt19720240;nm0095104;
tt0105980;nm0507659;
tt0105980;nm0725543;
tt0105980;nm0909878;
tt0086827;nm0001103;
tt0086827;nm0509937;
tt0086827;nm0000192;
tt0080240;nm0384916;
tt0080240;nm0608853;
tt0087032;nm0001123;
tt0075876;nm1521090;
tt0062591;nm0756634;
tt0062591;nm0821041;
tt0065287;nm0520467;
tt0065287;nm0142145;
tt0065642;nm0413271;
tt0063210;nm0002017;
tt0022971;nm0892473;
tt0022971;nm0870543;
tt0022971;nm0657874;
tt0022938;nm0923774;
tt0022938;nm0941298;
tt0022938;nm0497186;
tt0101329;nm0000092;
tt0081190;nm0746675;
tt0081190;nm0019591;
tt0081987;nm0768455;
tt0081987;nm0441280;
tt0325452;nm0062168;
tt0077234;nm0587234;
tt0075213;nm0000165;
tt2891146;nm0302975;
tt2891146;nm8176994;
tt0069589;nm0001510;
tt0069589;nm0638361;
tt0068680;nm0569410;
tt0068680;nm0354158;
tt0066673;nm0198463;
tt6973532;nm0005056;
tt6973532;nm4964274;
tt6973532;nm14362190;
tt0207156;nm0001666;
tt0221751;nm0001086;
tt0221751;nm0829390;
tt0106080;nm0000376;
tt0106080;nm0789478;
tt0106080;nm0204425;
tt0094514;nm0789470;
tt0094514;nm0665123;
tt0112002;nm0005443;
tt0112002;nm0001521;
tt0112002;nm0640702;
tt0111909;nm0001529;
tt0111909;nm0002127;
tt0111909;nm0541909;
tt0109813;nm0000422;
tt0109813;nm0001548;
tt0109813;nm0005280;
tt0098763;nm0167995;
tt0098763;nm0214114;
tt0098418;nm0001319;
tt0098418;nm0674781;
tt0096488;nm0001367;
tt0096488;nm0001830;
tt0093755;nm0001313;
tt0092081;nm0168394;
tt0051312;nm0000073;
tt0051312;nm0001547;
tt0041549;nm0876451;
tt0041923;nm0564708;
tt0041093;nm0001870;
tt0041093;nm0000730;
tt0039472;nm0534972;
tt0037848;nm0183857;
tt0037848;nm0008496;
tt0037280;nm0001055;
tt0035068;nm0307326;
tt0035068;nm0452128;
tt0033780;nm0003339;
tt0033780;nm0206478;
tt0080270;nm0905993;
tt0080270;nm0685494;
tt0058801;nm0008041;
tt0058801;nm0721999;
tt0058479;nm0528595;
tt0137449;nm0300623;
tt0057598;nm0656183;
tt0057598;nm0590796;
tt0055728;nm0000817;
tt0046949;nm0001739;
tt0046181;nm0312890;
tt0046181;nm0114386;
tt0054805;nm0558663;
tt0051845;nm0001374;
tt0052027;nm0668626;
tt0052027;nm0068772;
tt0047849;nm0004282;
tt0045471;nm0942863;
tt0020727;nm0731502;
tt0020727;nm0367613;
tt0020727;nm0295992;
tt0072732;nm0000277;
tt0072732;nm0002096;
tt0068103;nm0037735;
tt0068103;nm0534409;
tt0068103;nm0047699;
tt0071824;nm0000734;
tt0071824;nm0611707;
tt0069834;nm0342201;
tt0068421;nm0001975;
tt0068421;nm0001136;
tt0065547;nm0313387;
tt0065150;nm0013487;
tt0065126;nm0200981;
tt0065126;nm0004794;
tt0063035;nm0418148;
tt0055662;nm0001171;
tt0055662;nm0752576;
tt0055686;nm0330198;
tt0055686;nm0888573;
tt0054513;nm0001158;
tt0054513;nm9536874;
tt0056059;nm0553349;
tt0056217;nm0587256;
tt0054757;nm0926183;
tt0054127;nm0468237;
tt0053580;nm0002131;
tt0052902;nm0869927;
tt0053221;nm0625699;
tt0051398;nm0027933;
tt0051398;nm0415488;
tt0051757;nm0323597;
tt0051757;nm0002047;
tt0049092;nm0000784;
tt0047768;nm0116897;
tt0047768;nm0259984;
tt0047889;nm0280707;
tt0047719;nm0569902;
tt0047719;nm0197950;
tt0047719;nm0786811;
tt0047736;nm0000790;
tt0047736;nm0832065;
tt0047736;nm0086469;
tt0048593;nm0268119;
tt0045883;nm0000955;
tt0043547;nm0852279;
tt0041841;nm0544711;
tt0041361;nm0707843;
tt0041361;nm0233856;
tt0041866;nm0238445;
tt0040064;nm0001013;
tt0039152;nm0002503;
tt0039110;nm0214529;
tt0037522;nm0094135;
tt0037702;nm0245304;
tt0037702;nm0771584;
tt0037343;nm0707048;
tt0036824;nm0641454;
tt0036038;nm0779549;
tt0036038;nm0215260;
tt0036092;nm0935415;
tt0035250;nm0001076;
tt0034742;nm0496819;
tt0034889;nm0001931;
tt0035244;nm0002104;
tt0033806;nm0580882;
tt0034182;nm0275897;
tt0033808;nm0613262;
tt0033808;nm0585553;
tt0033871;nm0214168;
tt0033871;nm0254818;
tt0032728;nm0402842;
tt0033159;nm0348619;
tt0031718;nm0181003;
tt0031718;nm0369058;
tt0032032;nm0855579;
tt0031971;nm0222596;
tt0030545;nm0000315;
tt0028653;nm0402554;
tt0028653;nm0113902;
tt0028554;nm0316941;
tt0028554;nm0002311;
tt0029044;nm0111355;
tt0029044;nm0111226;
tt0029034;nm0311082;
tt0029034;nm0054036;
tt0028677;nm0490209;
tt0028677;nm0574743;
tt0027462;nm0736939;
tt0028227;nm0340644;
tt0028227;nm0049055;
tt0028510;nm0148575;
tt0028510;nm0446593;
tt0027905;nm0751946;
tt0027905;nm0447580;
tt0027849;nm0263088;
tt0027876;nm0940617;
tt0028068;nm0320681;
tt0026614;nm0569465;
tt0026774;nm0725173;
tt0026846;nm0122783;
tt0026846;nm0398139;
tt0026267;nm0601117;
tt0026273;nm0466505;
tt0026908;nm0115043;
tt0026908;nm0371025;
tt0027087;nm0556813;
tt0024805;nm0856077;
tt0024805;nm0419880;
tt0025903;nm0001935;
tt0025903;nm0384978;
tt0025699;nm0891136;
tt0025455;nm0949961;
tt0025455;nm0133021;
tt0024902;nm0402437;
tt0025969;nm0265551;
tt0025440;nm0790995;
tt0024516;nm0795549;
tt0024516;nm0151420;
tt0023899;nm0002285;
tt0024500;nm0662118;
tt0024500;nm0852365;
tt0024293;nm1349117;
tt0024293;nm0356073;
tt0023775;nm0107575;
tt0023775;nm0007219;
tt0024124;nm0460477;
tt0024124;nm0055275;
tt0024257;nm0001195;
tt0024257;nm0949835;
tt0024257;nm0533956;
tt0024592;nm0910400;
tt0023878;nm0001932;
tt0023878;nm0251755;
tt0023878;nm0114805;
tt0024663;nm0611804;
tt0024663;nm0124287;
tt0023576;nm0188673;
tt0023576;nm0429923;
tt0023576;nm0550615;
tt0022681;nm0403636;
tt0023038;nm0336956;
tt0023038;nm0853604;
tt0023109;nm0051628;
tt0023109;nm0317224;
tt0023109;nm0823633;
tt0023631;nm0003706;
tt0023631;nm0206333;
tt0023631;nm0643048;
tt0023456;nm0347827;
tt0023456;nm0372487;
tt0023415;nm0736777;
tt0023415;nm0482121;
tt0023415;nm0087434;
tt0023660;nm0396012;
tt0023660;nm0107151;
tt0022109;nm0392442;
tt0022109;nm0550583;
tt0021507;nm0400763;
tt0021507;nm0780941;
tt0021507;nm0445246;
tt0022293;nm0427659;
tt0022293;nm0281795;
tt0022134;nm0478851;
tt0022134;nm0167407;
tt0022479;nm0168595;
tt0021911;nm0156039;
tt0021911;nm0161451;
tt0020759;nm0497159;
tt0020759;nm0045754;
tt0021319;nm0639563;
tt0021319;nm0151377;
tt0021319;nm0603875;
tt0020702;nm0522926;
tt0020702;nm0654102;
tt0020702;nm0364203;
tt0021140;nm0533247;
tt0021140;nm0007214;
tt0021140;nm0531759;
tt0019895;nm0930711;
tt0020359;nm0417829;
tt0020604;nm0602914;
tt0020604;nm0665938;
tt0020604;nm0672904;
tt0019699;nm0572142;
tt0019699;nm0868456;
tt0020438;nm0656304;
tt0020438;nm0485439;
tt0020223;nm0182537;
tt0018972;nm0172875;
tt0018972;nm0448790;
tt0478641;nm0358020;
tt0478641;nm0404645;
tt0478641;nm0604813;
tt0018909;nm0355671;
tt0018909;nm0542870;
tt0018909;nm0607942;
tt0778043;nm0204639;
tt0778043;nm0540485;
tt0778043;nm0516013;
tt0017832;nm0448661;
tt0017832;nm0720885;
tt0019182;nm0071602;
tt0019182;nm0358076;
tt0019182;nm0209462;
tt0017632;nm0449908;
tt0017632;nm0354878;
tt0440338;nm0037783;
tt0440338;nm0570230;
tt0440338;nm0526951;
tt0016939;nm0594291;
tt0016939;nm0245386;
tt0016939;nm1209936;
tt0016627;nm0318105;
tt0016627;nm0090187;
tt0016627;nm0195460;
tt0016690;nm0354313;
tt0016690;nm0681927;
tt0016690;nm0047720;
tt5012346;nm6618303;
tt5012346;nm0005538;
tt4795124;nm0220240;
tt4795124;nm0000161;
tt4795124;nm6004682;
tt4738238;nm3521144;
tt4738238;nm0385029;
tt4738238;nm1397297;
tt3077060;nm0000153;
tt3077060;nm0170186;
tt3077060;nm0272173;
tt0313043;nm0000325;
tt0313043;nm0698346;
tt0313043;nm0735226;
tt0947799;nm0469823;
tt0947799;nm0005098;
tt0947799;nm1371339;
tt0312081;nm0005408;
tt0312081;nm0192505;
tt0312081;nm0203221;
tt0303635;nm0127988;
tt0303635;nm0001579;
tt0303635;nm0892383;
tt0250494;nm0000702;
tt0250494;nm0005561;
tt0250494;nm0004757;
tt0255653;nm0001185;
tt0255653;nm0005283;
tt0255653;nm0005220;
tt0115369;nm0000181;
tt0153737;nm0935807;
tt0153737;nm0000852;
tt0118836;nm0005488;
tt0118836;nm0005489;
tt0118836;nm0588777;
tt0098904;nm0000632;
tt0098904;nm0000506;
tt0098904;nm0724245;
tt29596750;nm0062772;
tt29596750;nm15390735;
tt29596750;nm0919912;
tt0289993;nm0111756;
tt0289993;nm0336509;
tt0094007;nm0415617;
tt0094007;nm0546004;
tt0094007;nm0256387;
tt0085690;nm0614526;
tt0085690;nm0486071;
tt0088571;nm0064015;
tt0086577;nm0231716;
tt0086577;nm0261805;
tt0085287;nm0000947;
tt0085287;nm0546834;
tt0088134;nm0001404;
tt0088134;nm0001204;
tt0951311;nm0278142;
tt0082122;nm0001871;
tt0087202;nm0000822;
tt0087202;nm0933759;
tt0083166;nm0565569;
tt0083166;nm0101133;
tt0082517;nm0000316;
tt0082517;nm0002138;
tt0085271;nm0000686;
tt0081758;nm0648920;
tt0081758;nm0788829;
tt0081151;nm0289343;
tt0081151;nm0001522;
tt0081032;nm0001719;
tt0081032;nm0000907;
tt0078622;nm0822034;
tt0078616;nm0001137;
tt0078616;nm0706883;
tt0072574;nm0130324;
tt0074295;nm0373324;
tt0073526;nm0935345;
tt0069681;nm0001117;
tt0064100;nm0191685;
tt0064100;nm0001285;
tt0060818;nm0000846;
tt0060818;nm0790071;
tt0219554;nm0456696;
tt0219554;nm0000082;
tt2860100;nm0859060;
tt2860100;nm0626363;
tt2860100;nm0903628;
tt1381055;nm5173385;
tt0029737;nm0062828;
tt0029737;nm0000910;
tt0029737;nm0899091;
tt4566758;nm1703577;
tt4566758;nm0947447;
tt4566758;nm0000084;
tt10670442;nm2348646;
tt10670442;nm2518711;
tt8499638;nm3609766;
tt8499638;nm0339621;
tt4591310;nm0477209;
tt4591310;nm2682046;
tt3125472;nm0155203;
tt3125472;nm6517324;
tt1667150;nm0490489;
tt1667150;nm1337123;
tt1092634;nm0000131;
tt1092634;nm0000334;
tt0367959;nm0880484;
tt0367959;nm0406975;
tt0473444;nm1727100;
tt0430357;nm0268199;
tt0430357;nm0004937;
tt0397535;nm0955471;
tt0397535;nm0913822;
tt0397535;nm0000706;
tt15165236;nm0151654;
tt15165236;nm0284608;
tt15165236;nm1741757;
tt0343663;nm0000375;
tt0212712;nm0504897;
tt0212712;nm0910947;
tt0354243;nm0504899;
tt0354243;nm0838944;
tt0083996;nm0000086;
tt0083996;nm0301556;
tt0083996;nm0728208;
tt0083109;nm0898317;
tt0078813;nm0127682;
tt0078813;nm0069191;
tt0074103;nm0173354;
tt0074103;nm0951578;
tt0069747;nm0591877;
tt0069747;nm0216177;
tt0067108;nm0764664;
tt0067274;nm0312985;
tt0066423;nm0001036;
tt0066423;nm0000359;
tt0065769;nm0498876;
tt0065769;nm0343766;
tt0065848;nm0010569;
tt0064425;nm0003909;
tt0063005;nm0333518;
tt0063674;nm0580324;
tt11647044;nm2432008;
tt11647044;nm0000087;
tt11647044;nm3626630;
tt16986382;nm6416990;
tt16986382;nm3247679;
tt13887934;nm0148516;
tt13887934;nm0710938;
tt13887934;nm0645612;
tt15325866;nm0795673;
tt15325866;nm0625986;
tt12028944;nm0451122;
tt12028944;nm0161607;
tt12028944;nm0450975;
tt8664988;nm1128120;
tt8664988;nm1215228;
tt8664988;nm5380264;
tt7039208;nm2917745;
tt7039208;nm4705505;
tt7039208;nm0041775;
tt7342838;nm3004706;
tt7342838;nm7590244;
tt7342838;nm1654982;
tt15797712;nm0092966;
tt15797712;nm0121141;
tt5847740;nm6592338;
tt5847740;nm8273937;
tt5847740;nm0843524;
tt12264542;nm3778161;
tt12264542;nm2099653;
tt2984034;nm3362705;
tt2984034;nm2652279;
tt2984034;nm1482686;
tt2156825;nm2955024;
tt2156825;nm3317182;
tt2156825;nm0837242;
tt4023538;nm1918896;
tt4023538;nm0673288;
tt16347974;nm13188223;
tt16347974;nm9876606;
tt16347974;nm5458979;
tt0160403;nm0005467;
tt0160403;nm0000413;
tt0160403;nm0001611;
tt0094540;nm0001683;
tt0094540;nm0582418;
tt0117053;nm0470182;
tt0117053;nm0285768;
tt0117053;nm0004941;
tt0117318;nm0001482;
tt0111945;nm0004804;
tt0111945;nm0046033;
tt0111945;nm0455745;
tt0116420;nm1477773;
tt0116420;nm0039621;
tt0116420;nm0076980;
tt0092359;nm0756114;
tt0092359;nm0001764;
tt0092359;nm0183417;
tt0109227;nm0199961;
tt0109227;nm0830757;
tt0109227;nm0719606;
tt0221977;nm0164682;
tt0221977;nm0000794;
tt0221977;nm0117252;
tt0108909;nm0249109;
tt0108909;nm0621046;
tt0108909;nm0542558;
tt0101115;nm0706619;
tt0101115;nm0000279;
tt0101115;nm0796235;
tt0086765;nm0934750;
tt0086765;nm0556041;
tt0101481;nm0933310;
tt0101481;nm0745780;
tt0101481;nm0571874;
tt2101383;nm0000288;
tt2101383;nm0000204;
tt1266567;nm0311766;
tt1266567;nm0378096;
tt1266567;nm0559752;
tt0808151;nm0000191;
tt0808151;nm0957909;
tt0963178;nm0654110;
tt0963178;nm0915208;
tt1058601;nm0001941;
tt1058601;nm0777594;
tt0432314;nm0840430;
tt3545288;nm0079890;
tt3545288;nm0407959;
tt0765443;nm0001557;
tt0484434;nm0726257;
tt0484434;nm0233312;
tt0472126;nm0605080;
tt0200276;nm0000507;
tt0200276;nm0005049;
tt0329030;nm0659363;
tt0329030;nm0445987;
tt0388441;nm0001290;
tt0388441;nm1413942;
tt0284717;nm0309348;
tt0284717;nm0104821;
tt0284717;nm0726167;
tt0148669;nm0545383;
tt0148669;nm0000945;
tt0148669;nm0244850;
tt14549270;nm0557908;
tt8619854;nm0000546;
tt8417168;nm0799777;
tt8417168;nm4032297;
tt8417168;nm1279721;
tt15367558;nm0001705;
tt15367558;nm7910620;
tt15367558;nm0864490;
tt2397461;nm6081322;
tt2397461;nm3099754;
tt2397461;nm9865565;
tt13103340;nm0000167;
tt8560172;nm0001357;
tt8560172;nm5381177;
tt8560172;nm4446872;
tt4426464;nm0719637;
tt4426464;nm0005099;
tt4426464;nm0290556;
tt6768634;nm0914327;
tt6768634;nm0824102;
tt5277030;nm1146783;
tt5277030;nm6812060;
tt4177856;nm1072555;
tt4177856;nm0001737;
tt5592146;nm0000378;
tt5592146;nm0101152;
tt5592146;nm0946382;
tt4086018;nm1416215;
tt4086018;nm0005519;
tt4086018;nm2397981;
tt8017160;nm1637637;
tt8017160;nm0771621;
tt7531496;nm0631490;
tt8531222;nm7336431;
tt8531222;nm2747668;
tt8531222;nm10381726;
tt10640346;nm0000093;
tt10640346;nm3053338;
tt12593682;nm1428821;
tt12593682;nm1093951;
tt13320622;nm0000113;
tt13320622;nm1475594;
tt13320622;nm0705356;
tt14067406;nm0000098;
tt14067406;nm0176981;
tt14067406;nm0000151;
tt2935510;nm1550948;
tt7131622;nm0000138;
tt5463162;nm0005351;
tt5463162;nm0000982;
tt4758646;nm0079418;
tt4758646;nm1910274;
tt3640424;nm0364813;
tt6024606;nm8471890;
tt6024606;nm5565563;
tt1596363;nm0136797;
tt1596363;nm0331516;
tt3707106;nm0001401;
tt3707106;nm0491259;
tt2713180;nm0479471;
tt2713180;nm0503567;
tt4354616;nm0000095;
tt4354616;nm1415323;
tt4354616;nm0561938;
tt4513674;nm0251986;
tt4513674;nm0829576;
tt2258345;nm0001806;
tt2258345;nm0000232;
tt1885331;nm0998117;
tt1885331;nm0115730;
tt1885331;nm0217868;
tt0457513;nm0424060;
tt0457513;nm0413168;
tt0457513;nm0242319;
tt0313792;nm0004755;
tt0313792;nm0000207;
tt0309785;nm0308780;
tt0309785;nm0665114;
tt0309785;nm0201700;
tt0278823;nm0000495;
tt0278823;nm0233646;
tt0256524;nm0824240;
tt0256524;nm0868110;
tt0192455;nm0001710;
tt0192455;nm0032793;
tt0196216;nm0001808;
tt0196216;nm0000424;
tt0177650;nm0569790;
tt0177650;nm0000244;
tt0177650;nm0002117;
tt0158371;nm0000576;
tt0158371;nm0608090;
tt7767422;nm2633535;
tt7767422;nm0000096;
tt7767422;nm6967441;
tt11068094;nm0000545;
tt11068094;nm2684840;
tt14138650;nm0577982;
tt14138650;nm0564402;
tt13223570;nm0205626;
tt13223570;nm0000201;
tt2235759;nm1102577;
tt2235759;nm4555381;
tt2235759;nm3152605;
tt11332850;nm6432607;
tt4786824;nm2946516;
tt4786824;nm1469236;
tt4786824;nm0001767;
tt9652730;nm4141252;
tt9652730;nm9438171;
tt8368394;nm2809577;
tt8368394;nm5189784;
tt8368394;nm1335915;
tt6290798;nm3480246;
tt6663582;nm0857620;
tt6663582;nm0571952;
tt6663582;nm7529030;
tt0106179;nm0000141;
tt0106179;nm0683379;
tt1869347;nm1796057;
tt1869347;nm7607873;
tt1869347;nm0000335;
tt1898069;nm1340638;
tt1898069;nm0115161;
tt1898069;nm1462340;
tt4977530;nm0095017;
tt4977530;nm2110485;
tt13092974;nm1667364;
tt13092974;nm0287898;
tt13092974;nm3650037;
tt8523334;nm3743617;
tt8523334;nm0284869;
tt8523334;nm3851426;
tt7296862;nm6910083;
tt7296862;nm3170207;
tt7296862;nm5291376;
tt1469304;nm0425005;
tt1469304;nm1374980;
tt1469304;nm1275259;
tt6797648;nm0000097;
tt6797648;nm0491021;
tt6797648;nm0681401;
tt5788136;nm4516284;
tt5788136;nm6254482;
tt5637594;nm1411619;
tt5637594;nm0005073;
tt15857634;nm2692695;
tt4254562;nm2218604;
tt4254562;nm0922114;
tt6717892;nm2832525;
tt6717892;nm1589279;
tt6717892;nm7194079;
tt4393278;nm0009344;
tt4393278;nm7143871;
tt7696176;nm0973541;
tt3305014;nm2622353;
tt3305014;nm3074024;
tt3305014;nm6054030;
tt2559390;nm2325851;
tt2559390;nm0005558;
tt2559390;nm2076857;
tt7203552;nm0001082;
tt15255288;nm0001191;
tt15255288;nm0835016;
tt1618434;nm1812656;
tt16369066;nm0026364;
tt4878482;nm4359664;
tt4878482;nm3843467;
tt14279324;nm0000354;
tt3739110;nm2403277;
tt3739110;nm7770725;
tt3739110;nm6682520;
tt1711525;nm1601397;
tt1711525;nm2554352;
tt4624424;nm1676221;
tt4624424;nm1764070;
tt4824302;nm0005028;
tt2170439;nm0837177;
tt2170439;nm0206359;
tt3442006;nm0056770;
tt3442006;nm0447695;
tt1767372;nm1782299;
tt1663207;nm0080049;
tt1663207;nm0279545;
tt11280740;nm0004395;
tt11280740;nm7100086;
tt11280740;nm3138882;
tt6628922;nm5634768;
tt6628922;nm0000099;
tt6628922;nm0000353;
tt13142324;nm0004951;
tt13142324;nm4030255;
tt4180560;nm0000291;
tt4180560;nm0005031;
tt1979376;nm0000741;
tt1979376;nm0001633;
tt8682948;nm1455681;
tt6866266;nm0001125;
tt6866266;nm0200452;
tt5933560;nm7916840;
tt5933560;nm7135116;
tt5933560;nm6393874;
tt3560060;nm0004735;
tt3560060;nm0510168;
tt2578508;nm2154960;
tt2578508;nm1985893;
tt2578508;nm1178424;
tt3059816;nm0024188;
tt3059816;nm1002594;
tt4679082;nm1212722;
tt4679082;nm0000368;
tt13306120;nm6145625;
tt13306120;nm1872698;
tt13306120;nm6925965;
tt0247082;nm0676973;
tt0247082;nm0000401;
tt0979432;nm0000114;
tt0979432;nm0531808;
tt0979432;nm0788335;
tt13640670;nm0000100;
tt13640670;nm0086865;
tt13640670;nm2728286;
tt0280277;nm0333393;
tt0280277;nm0323140;
tt9861332;nm0100960;
tt9861332;nm7230707;
tt9859400;nm3638243;
tt9859400;nm0004879;
tt6921996;nm0587950;
tt6921996;nm1385871;
tt15074312;nm0227681;
tt15074312;nm4222685;
tt7197422;nm0000980;
tt6582384;nm5414887;
tt6582384;nm0109274;
tt6421362;nm8054476;
tt6421362;nm3968703;
tt1400819;nm1377114;
tt1400819;nm1375030;
tt1400819;nm2719406;
tt4448662;nm0296410;
tt3017158;nm0377901;
tt3017158;nm0935183;
tt3017158;nm0641581;
tt2305700;nm9012283;
tt2305700;nm5046755;
tt2305700;nm5339121;
tt1634122;nm0683253;
tt1634122;nm0922035;
tt21431644;nm11346625;
tt21431644;nm14892174;
tt6143796;nm0718642;
tt6143796;nm1595023;
tt6143796;nm2094174;
tt21033386;nm0312656;
tt21033386;nm0001368;
tt4513678;nm4689420;
tt4513678;nm0748620;
tt4513678;nm6016511;
tt12701190;nm4592145;
tt12701190;nm11382743;
tt8595140;nm0004960;
tt7730276;nm11939723;
tt7730276;nm0040472;
tt1289401;nm0565250;
tt1289401;nm1325419;
tt13160504;nm0004852;
tt2120120;nm0416673;
tt2120120;nm1157358;
tt4585718;nm0192986;
tt2473602;nm1569276;
tt2473602;nm1734700;
tt3205134;nm0227055;
tt3205134;nm1108797;
tt12747748;nm0991810;
tt12747748;nm0000160;
tt1633359;nm5016878;
tt1633359;nm0000102;
tt1633359;nm0227759;
tt13623136;nm7556151;
tt13623136;nm0348231;
tt13623136;nm0740264;
tt7187044;nm0388038;
tt7187044;nm5524602;
tt13075730;nm12347965;
tt13075730;nm0446622;
tt14502344;nm7466966;
tt14502344;nm0001043;
tt6317762;nm6563873;
tt6317762;nm3381295;
tt6317762;nm5483400;
tt10684644;nm0231458;
tt10684644;nm0005041;
tt7230846;nm1669772;
tt7230846;nm4576371;
tt7230846;nm0005218;
tt8201852;nm1086543;
tt8201852;nm10424479;
tt10959932;nm4364362;
tt10959932;nm1921657;
tt6274614;nm1951390;
tt6274614;nm4205710;
tt6274614;nm3034977;
tt5226220;nm1252685;
tt5226220;nm0911542;
tt8205176;nm1659348;
tt8205176;nm1111656;
tt5886510;nm0089217;
tt5886510;nm0383603;
tt6994156;nm3096205;
tt6994156;nm4493176;
tt6994156;nm1727621;
tt4302062;nm5041989;
tt4302062;nm0005576;
tt4302062;nm1559927;
tt4685762;nm8314228;
tt4685762;nm10656367;
tt4685762;nm4594069;
tt7284202;nm1640326;
tt7284202;nm0663546;
tt7284202;nm1401022;
tt3663718;nm0000103;
tt3663718;nm1889973;
tt3663718;nm0005513;
tt2249007;nm0000630;
tt2249007;nm0550371;
tt2249007;nm0005231;
tt2486862;nm1175678;
tt2486862;nm0566187;
tt1961279;nm0712262;
tt1961279;nm0581365;
tt1294212;nm2093766;
tt1294212;nm0251872;
tt1095217;nm0000115;
tt1095217;nm0578949;
tt1095217;nm2963760;
tt1187042;nm0117374;
tt1187042;nm0495236;
tt0870122;nm0834989;
tt0870122;nm0000953;
tt0759639;nm1140666;
tt0759639;nm0047248;
tt0430768;nm0836220;
tt0430768;nm2017314;
tt0430768;nm2018751;
tt0448190;nm0042439;
tt0448190;nm0140837;
tt0448190;nm1772845;
tt13848804;nm0000104;
tt13848804;nm3676489;
tt13848804;nm5710425;
tt1462764;nm3564817;
tt3915174;nm2957490;
tt14857730;nm2828232;
tt14857730;nm0098378;
tt15438542;nm0454809;
tt15438542;nm0281107;
tt1464335;nm4043618;
tt11700260;nm0553650;
tt8385148;nm0000168;
tt6673612;nm0790688;
tt5865326;nm0000198;
tt5865326;nm2973791;
tt10916366;nm2516677;
tt10916366;nm1071554;
tt10916366;nm9380750;
tt8291806;nm1292111;
tt8291806;nm0768614;
tt5989218;nm1209966;
tt5989218;nm1312575;
tt5673782;nm5087795;
tt5673782;nm0181787;
tt5629524;nm2161450;
tt15399898;nm0523180;
tt15399898;nm2684036;
tt15399898;nm1154161;
tt8545540;nm0599019;
tt8545540;nm2689910;
tt8545540;nm0927765;
tt15483276;nm3663271;
tt15483276;nm0956603;
tt15483276;nm12168055;
tt7235466;nm0470244;
tt7235466;nm4091533;
tt23488824;nm2821733;
tt23488824;nm2383250;
tt23488824;nm0000105;
tt15939888;nm4329936;
tt15939888;nm2087049;
tt11525390;nm3093760;
tt11525390;nm7282382;
tt11525390;nm0865302;
tt1267295;nm0158626;
tt1267295;nm1296458;
tt1267295;nm4427331;
tt12306692;nm2811823;
tt12306692;nm1336920;
tt12306692;nm0242257;
tt13071908;nm0071818;
tt13071908;nm5489754;
tt5532280;nm0089456;
tt5532280;nm1526617;
tt11122096;nm0101453;
tt11122096;nm7865297;
tt7411120;nm1357477;
tt7411120;nm4286857;
tt7326168;nm0491357;
tt7326168;nm0045937;
tt8404094;nm0750412;
tt8404094;nm3119834;
tt8404094;nm1496365;
tt23673824;nm14245309;
tt23673824;nm2859626;
tt23673824;nm8356373;
tt13819960;nm0000572;
tt13819960;nm0633223;
tt13819960;nm0004862;
tt11245972;nm0000117;
tt11245972;nm0001073;
tt11245972;nm0000274;
tt13070602;nm0743605;
tt7970348;nm0000106;
tt7970348;nm5304955;
tt7970348;nm1652433;
tt5580540;nm0648249;
tt5580540;nm5735148;
tt0115147;nm0829537;
tt0115147;nm3696388;
tt0115147;nm0170306;
tt14316354;nm6855916;
tt4324796;nm0465736;
tt4324796;nm2952467;
tt4324796;nm5605520;
tt2245003;nm0001057;
tt2245003;nm1002641;
tt1086772;nm1018488;
tt1430615;nm1024677;
tt1430615;nm4870585;
tt24515412;nm0000107;
tt24515412;nm1364280;
tt10002230;nm0122987;
tt4477536;nm0424848;
tt4477536;nm1946193;
tt4477536;nm0425053;
tt5834198;nm0682725;
tt5834198;nm0330687;
tt3799694;nm0000128;
tt3799694;nm3886028;
tt3004746;nm0696015;
tt3004746;nm0771923;
tt2217895;nm2034147;
tt2217895;nm0420955;
tt2343793;nm0000553;
tt2343793;nm0005109;
tt2343793;nm0004778;
tt2147225;nm2297741;
tt2147225;nm4143944;
tt2147225;nm0434444;
tt1438254;nm2253071;
tt0865554;nm0000620;
tt0887971;nm0001305;
tt0887971;nm0001729;
tt1068641;nm0000234;
tt1068641;nm0946962;
tt10968040;nm0949350;
tt10968040;nm0000109;
tt0337851;nm0001327;
tt0337851;nm0074648;
tt0134269;nm0191742;
tt0134269;nm0048926;
tt0243732;nm0057882;
tt0295988;nm0751638;
tt0295988;nm1011169;
tt0259333;nm0103217;
tt0259333;nm0277300;
tt0115285;nm0000467;
tt0115285;nm0005281;
tt0210257;nm0122716;
tt0210257;nm0042316;
tt0169347;nm0935921;
tt0169347;nm0949519;
tt0130036;nm0000615;
tt0150176;nm0740505;
tt0150176;nm0000451;
tt0150176;nm0895308;
tt0164211;nm0001298;
tt0164211;nm0941315;
tt0131857;nm0005295;
tt0131857;nm0001778;
tt0131857;nm0045379;
tt0119271;nm0738850;
tt0118506;nm0001562;
tt0118506;nm0004844;
tt13309742;nm4224109;
tt13309742;nm0001786;
tt13309742;nm1199811;
tt15398776;nm0614165;
tt15398776;nm1289434;
tt12594678;nm1861862;
tt12594678;nm1166041;
tt7657566;nm5290643;
tt8354218;nm1745743;
tt8354218;nm0001993;
tt8354218;nm0501256;
tt6723592;nm0913475;
tt6723592;nm1500155;
tt6723592;nm4456120;
tt11126248;nm11440614;
tt11126248;nm11026855;
tt4793190;nm0593267;
tt4793190;nm2247629;
tt4793190;nm1162282;
tt9206798;nm0001132;
tt9206798;nm0005212;
tt4154756;nm1165110;
tt4154756;nm0749263;
tt5013056;nm7887725;
tt5013056;nm4422686;
tt5013056;nm0753314;
tt6235396;nm8467375;
tt6235396;nm4651633;
tt4799064;nm1027986;
tt4799064;nm0204583;
tt11691774;nm0000188;
tt11691774;nm1411125;
tt11816814;nm2499064;
tt11816814;nm2018237;
tt15671028;nm2225369;
tt15671028;nm10574081;
tt15671028;nm1128574;
tt14759996;nm6922376;
tt14759996;nm0001841;
tt14759996;nm0829620;
tt8633560;nm0005003;
tt8633560;nm0005425;
tt8633560;nm5932423;
tt2861424;nm0663177;
tt2861424;nm0334561;
tt2861424;nm0149950;
tt8755226;nm1225406;
tt8755226;nm4865040;
tt8755226;nm6224672;
tt4370596;nm0781899;
tt4370596;nm5700898;
tt4370596;nm6615590;
tt4712086;nm4381014;
tt4712086;nm2636108;
tt4712086;nm0907548;
tt6428676;nm6029853;
tt6428676;nm0004950;
tt6428676;nm0132637;
tt7552590;nm0781238;
tt7552590;nm3552751;
tt7552590;nm7088578;
tt7117594;nm2764022;
tt7117594;nm8435354;
tt6881890;nm0748973;
tt6881890;nm0224565;
tt6881890;nm0309430;
tt12404266;nm0000112;
tt12404266;nm0993242;
tt12404266;nm0025309;
tt11274492;nm2796745;
tt2328678;nm2546012;
tt2328678;nm0000458;
tt10155932;nm5305981;
tt10155932;nm0692039;
tt10155932;nm5954280;
tt10096842;nm4477261;
tt10096842;nm0001543;
tt4876134;nm0134244;
tt10841088;nm8110524;
tt10841088;nm10741585;
tt8580274;nm0002071;
tt8580274;nm1046097;
tt8580274;nm1405398;
tt3839822;nm5015107;
tt3839822;nm2694680;
tt5254610;nm7455038;
tt5254610;nm1259756;
tt5254610;nm1060681;
tt6911608;nm0000658;
tt5616294;nm0001602;
tt11233960;nm0000352;
tt2737304;nm5218990;
tt5164214;nm0004266;
tt1018765;nm1107001;
tt2293640;nm0358316;
tt3277552;nm1241511;
tt3277552;nm6030287;
tt1454468;nm0000123;
tt2404463;nm0567912;
tt0477302;nm4223385;
tt0878804;nm2466842;
tt0878804;nm0005210;
tt0881891;nm0177896;
tt0881891;nm0002006;
tt0477071;nm0573037;
tt0477071;nm0005520;
tt14016574;nm1547964;
tt14016574;nm1546196;
tt14016574;nm4862149;
tt29794469;nm9559545;
tt29794469;nm10996649;
tt7529770;nm6543093;
tt7529770;nm4175221;
tt15351980;nm2577076;
tt15351980;nm4772366;
tt15351980;nm1078479;
tt28363295;nm6690647;
tt28363295;nm6635715;
tt0206512;nm0444786;
tt0206512;nm0120309;
tt22059768;nm7434525;
tt22059768;nm4200503;
tt19853604;nm0203457;
tt19853604;nm0000582;
tt11702252;nm0810397;
tt11702252;nm5200476;
tt26703921;nm0810619;
tt26703921;nm1705074;
tt9848626;nm1063517;
tt10682266;nm0100866;
tt9686708;nm2525790;
tt9686708;nm6618353;
tt8456094;nm0000498;
tt14827638;nm2230865;
tt14827638;nm11164361;
tt21942866;nm12844103;
tt21942866;nm0629855;
tt21991654;nm1172478;
tt21991654;nm5201194;
tt0439572;nm3009232;
tt0439572;nm8567338;
tt11358390;nm0396558;
tt11358390;nm5377144;
tt8593824;nm14299670;
tt8593824;nm8740834;
tt8593824;nm0397212;
tt1462759;nm9538520;
tt1462759;nm2205243;
tt11291274;nm0050959;
tt11291274;nm1840504;
tt11003218;nm1842974;
tt11003218;nm0035060;
tt8114980;nm6376834;
tt8114980;nm0335275;
tt6372694;nm1154749;
tt6372694;nm0001024;
tt2850386;nm1297015;
tt9624766;nm3857692;
tt9624766;nm12083010;
tt8380776;nm0834380;
tt8380776;nm0972851;
tt7394816;nm0000463;
tt7394816;nm0243806;
tt13833978;nm2636310;
tt13833978;nm1182048;
tt13833978;nm0760151;
tt14261112;nm3715867;
tt14261112;nm1649934;
tt18351120;nm1018679;
tt18351120;nm2009006;
tt6473066;nm4591107;
tt6473066;nm4248775;
tt6186940;nm0176869;
tt6186940;nm5347988;
tt5758778;nm1977856;
tt1856010;nm0000228;
tt1856010;nm0318703;
tt3231564;nm3014031;
tt3231564;nm1985974;
tt3231564;nm1706832;
tt3463606;nm6212234;
tt3463606;nm0097077;
tt3463606;nm0000565;
tt2016335;nm0893257;
tt2016335;nm0000515;
tt0804503;nm0005253;
tt0804503;nm0440229;
tt2234451;nm0420937;
tt2234451;nm1559338;
tt0413573;nm0933156;
tt0413573;nm0681782;
tt0413573;nm0690186;
tt10062292;nm10826558;
tt10062292;nm1567198;
tt10062292;nm6651162;
tt1378167;nm0000563;
tt1378167;nm2079733;
tt1378167;nm0005112;
tt22262600;nm1275101;
tt22262600;nm3651929;
tt22262600;nm0000119;
tt11952606;nm1839922;
tt11952606;nm1478223;
tt11952606;nm7385519;
tt3465026;nm0268007;
tt3465026;nm0063944;
tt7661046;nm0993507;
tt7661046;nm0814259;
tt7661046;nm3762213;
tt6264782;nm0534134;
tt6264782;nm0296546;
tt6264782;nm0267724;
tt7615722;nm0001853;
tt1379164;nm3081796;
tt1379164;nm0579914;
tt1379164;nm1014417;
tt1595859;nm0005531;
tt1595859;nm0005256;
tt1595859;nm0261678;
tt2833580;nm0000299;
tt2833580;nm2065398;
tt4586626;nm1323785;
tt4586626;nm0846480;
tt5161096;nm0101198;
tt5161096;nm7082627;
tt19381966;nm1070597;
tt19381966;nm9475707;
tt19381966;nm0000120;
tt12412888;nm0005188;
tt12412888;nm2355635;
tt18309940;nm1644827;
tt18309940;nm8423894;
tt7375404;nm0339460;
tt1901024;nm0190744;
tt1901024;nm0001250;
tt4334266;nm4025229;
tt4334266;nm0597388;
tt4334266;nm7633342;
tt2096672;nm0001099;
tt2096672;nm1443527;
tt5348924;nm5262775;
tt5348924;nm4430336;
tt1229340;nm0000775;
tt1650554;nm1631269;
tt1650554;nm2395586;
tt2801056;nm2858945;
tt2801056;nm5596477;
tt0790628;nm3769935;
tt0496424;nm0275486;
tt0496424;nm0605079;
tt4656392;nm0004715;
tt4656392;nm0000276;
tt0254099;nm0000492;
tt0254099;nm0000121;
tt0110892;nm0400998;
tt0106447;nm0000403;
tt0101775;nm0562201;
tt0101775;nm0556850;
tt0220606;nm0552327;
tt0220606;nm0000476;
tt0099700;nm0002090;
tt0099700;nm0005177;
tt0099819;nm0000177;
tt0098300;nm0168892;
tt0094799;nm0000662;
tt0092834;nm0461021;
tt0092834;nm0000322;
tt0089453;nm0000724;
tt0089453;nm0706298;
tt0089453;nm0231319;
tt0087363;nm0001924;
tt0061523;nm0152261;
tt0050598;nm0000122;
tt0050598;nm0041602;
tt0050598;nm0221491;
tt0044837;nm0115558;
tt0039631;nm0180900;
tt0039631;nm0734467;
tt0032553;nm0642988;
tt0027977;nm0074788;
tt0021749;nm5681967;
tt0019379;nm0203836;
tt0019379;nm0376396;
tt0018773;nm0448224;
tt0018773;nm0305087;
tt0929410;nm0732079;
tt0929410;nm0507760;
tt0929410;nm0002616;
tt0015864;nm0841501;
tt0015864;nm0615306;
tt0014624;nm0701012;
tt0014624;nm0312238;
tt0014624;nm0588033;
tt0014137;nm0238401;
tt0014137;nm0181811;
tt0014137;nm0037761;
tt0014497;nm0123994;
tt0014497;nm0478704;
tt0014358;nm0152260;
tt14109724;nm1116918;
tt10539608;nm0428065;
tt10539608;nm0654648;
tt5056196;nm3571592;
tt5056196;nm0151419;
tt5056196;nm4415491;
tt2241351;nm1925239;
tt1964418;nm1429380;
tt1964418;nm0491402;
tt2177771;nm0000195;
tt2290075;nm0085257;
tt2290075;nm1197130;
tt1033575;nm0940362;
tt1033575;nm3837786;
tt1124035;nm0316079;
tt1440728;nm0093678;
tt1440728;nm0686376;
tt6156584;nm4377526;
tt6156584;nm2316017;
tt6156584;nm2226071;
tt21221240;nm0000124;
tt21221240;nm2129444;
tt21221240;nm8893681;
tt1745960;nm0000129;
tt1745960;nm1886602;
tt0437086;nm4023073;
tt0437086;nm0910607;
tt3829920;nm0000313;
tt0376479;nm0266824;
tt3136112;nm3783690;
tt3136112;nm4828434;
tt1837709;nm3726887;
tt2205697;nm0001427;
tt2205697;nm2934314;
tt1251743;nm0000673;
tt1578275;nm0000681;
tt1578275;nm0000213;
tt1440379;nm1549295;
tt0851471;nm0452576;
tt0851471;nm0376157;
tt0851471;nm6816566;
tt0455566;nm1599769;
tt0455566;nm1072611;
tt0311429;nm0870204;
tt0311429;nm0933959;
tt0181536;nm0114532;
tt0137494;nm0001876;
tt0137494;nm0000609;
tt0118661;nm0000146;
tt0118661;nm0000235;
tt0113071;nm0000152;
tt0113071;nm0000566;
tt0113501;nm0001009;
tt0109920;nm0295506;
tt0109920;nm0000695;
tt0107969;nm0000648;
tt0107969;nm0000172;
tt4236770;nm0717709;
tt12361974;nm0147147;
tt12361974;nm2933757;
tt9340860;nm0000178;
tt9340860;nm7371202;
tt1478839;nm4467076;
tt4209788;nm1567113;
tt4209788;nm0252961;
tt4846340;nm0378245;
tt4846340;nm0818055;
tt4846340;nm1847117;
tt2975590;nm0010736;
tt5034074;nm6329201;
tt5034074;nm0542603;
tt2097298;nm0004742;
tt2097298;nm7107400;
tt2883434;nm1843026;
tt2172934;nm2794962;
tt2172934;nm0001567;
tt1205537;nm1517976;
tt1205537;nm0461136;
tt13375076;nm4683167;
tt13375076;nm3012273;
tt14714980;nm2955013;
tt14714980;nm0753526;
tt10268488;nm4917623;
tt4471908;nm4677272;
tt4471908;nm0935653;
tt10059518;nm3308569;
tt10059518;nm5145655;
tt4844140;nm1126657;
tt6821044;nm1092227;
tt7008872;nm2348627;
tt7008872;nm0249291;
tt7895824;nm1144419;
tt7895824;nm3478396;
tt2345759;nm1834115;
tt27425296;nm3103539;
tt9881938;nm3080722;
tt9881938;nm0860380;
tt9881938;nm3324982;
tt9603212;nm2017943;
tt13640382;nm2962353;
tt13640382;nm0272581;
tt3532216;nm1727304;
tt3532216;nm0942792;
tt3393786;nm1130627;
tt1631867;nm0000200;
tt1483013;nm2057859;
tt1336608;nm2584600;
tt1336608;nm1546300;
tt1229238;nm0670408;
tt1013743;nm0765597;
tt0985699;nm0396924;
tt28514922;nm8054799;
tt28514922;nm8435169;
tt1695843;nm3147751;
tt1695843;nm0206257;
tt14452776;nm2087739;
tt14452776;nm0609114;
tt14452776;nm8731249;
tt10665342;nm5506858;
tt10665342;nm0183921;
tt6710474;nm3513533;
tt0370194;nm0502073;
tt0370194;nm0304830;
tt6326182;nm0041932;
tt6326182;nm0714761;
tt1486217;nm0071304;
tt1486217;nm2436722;
tt8946378;nm0185819;
tt8946378;nm0262635;
tt8946378;nm1869101;
tt7049542;nm1754366;
tt7049542;nm6654163;
tt1826940;nm0221046;
tt1826940;nm2159926;
tt1826940;nm0339011;
tt4145384;nm0731075;
tt4145384;nm0584951;
tt4145384;nm1113550;
tt3233418;nm0520064;
tt3233418;nm1821327;
tt15106860;nm0386472;
tt15106860;nm4889489;
tt15106860;nm6018082;
tt8303474;nm5977545;
tt8303474;nm0126004;
tt1158939;nm1918862;
tt5843780;nm0004875;
tt6143850;nm0281956;
tt6143850;nm0788370;
tt7312940;nm5518392;
tt7312940;nm0034492;
tt3758852;nm1294664;
tt3758852;nm2560618;
tt3758852;nm4498664;
tt5580536;nm0004978;
tt0775440;nm2265157;
tt4594834;nm3500582;
tt2637294;nm1117791;
tt2637294;nm0732497;
tt2637294;nm0241173;
tt3672840;nm0000329;
tt3202890;nm0000202;
tt3202890;nm0498956;
tt0903657;nm0006969;
tt15303234;nm5939164;
tt15303234;nm0000132;
tt15303234;nm0300712;
tt11527058;nm0135221;
tt12976224;nm1089991;
tt12976224;nm0226817;
tt1796960;nm0001597;
tt1796960;nm0507073;
tt6884200;nm1433588;
tt5805752;nm7449863;
tt5805752;nm0909768;
tt1780441;nm0035488;
tt1780441;nm1247855;
tt1780441;nm0001492;
tt4635276;nm2106637;
tt4635276;nm1728099;
tt4635276;nm2913119;
tt1906329;nm0092961;
tt1906329;nm3287038;
tt28685746;nm1391172;
tt28685746;nm2940272;
tt1278469;nm0000657;
tt1175506;nm1605114;
tt0486655;nm1214435;
tt20601972;nm4454223;
tt20601972;nm1058940;
tt20601972;nm13716433;
tt8784956;nm0996669;
tt7745956;nm2948025;
tt7745956;nm3851090;
tt7745956;nm7232332;
tt5770786;nm1555340;
tt5770786;nm0549505;
tt5770786;nm2365811;
tt6231586;nm0000133;
tt6231586;nm0926165;
tt5030452;nm6920210;
tt5030452;nm0336489;
tt5030452;nm2107127;
tt4978710;nm2193120;
tt5368542;nm1270781;
tt5368542;nm0199842;
tt5368542;nm5339326;
tt3012532;nm3204147;
tt3012532;nm6636855;
tt3012532;nm5276369;
tt2507238;nm1682420;
tt2507238;nm2007030;
tt3398268;nm3268918;
tt3398268;nm4134328;
tt3398268;nm0559652;
tt1710295;nm0330070;
tt1710295;nm0728411;
tt1710295;nm0222643;
tt2750524;nm0000836;
tt2750524;nm0809720;
tt2294677;nm1128572;
tt2294677;nm0577329;
tt2294677;nm1143861;
tt14781286;nm0104809;
tt14781286;nm13508609;
tt20315818;nm0126284;
tt20315818;nm0267812;
tt8373206;nm1724319;
tt8373206;nm0004753;
tt5537002;nm4291409;
tt13055982;nm1658935;
tt13160412;nm0001085;
tt13160412;nm0931090;
tt7286456;nm0001618;
tt1933667;nm0005273;
tt1967614;nm0005182;
tt1781827;nm1183149;
tt1781827;nm0713378;
tt1860213;nm3614913;
tt3276924;nm0604742;
tt3276924;nm1176985;
tt2361509;nm0000623;
tt10908058;nm0007958;
tt10908058;nm0114139;
tt2212008;nm3762369;
tt1480295;nm0000237;
tt1931435;nm0001337;
tt1815708;nm1265067;
tt1815708;nm0001845;
tt0455323;nm0000194;
tt1598822;nm0004754;
tt1598822;nm0005110;
tt1448755;nm0005458;
tt6780018;nm0004695;
tt6780018;nm0001100;
tt6779974;nm0043484;
tt6779822;nm0001774;
tt1219289;nm0295484;
tt1219289;nm0180411;
tt1712187;nm0000899;
tt1712187;nm1249052;
tt1423995;nm0000170;
tt0985694;nm0001803;
tt0985694;nm0735442;
tt0780511;nm0005377;
tt1034331;nm0001303;
tt0486674;nm0001804;
tt0344854;nm0000187;
tt0445114;nm0315041;
tt0445114;nm0421332;
tt0445114;nm0580351;
tt5091774;nm0000226;
tt5091774;nm0085312;
tt5091774;nm0000250;
tt0356443;nm0000321;
tt0335121;nm0005381;
tt27641930;nm0001435;
tt0269095;nm0000531;
tt0284490;nm0000552;
tt27045228;nm0000496;
tt12032604;nm0009016;
tt0179626;nm0122653;
tt0203019;nm0000421;
tt0131704;nm0005305;
tt0155711;nm0587944;
tt0122690;nm0000606;
tt0122690;nm0001523;
tt0119223;nm0000569;
tt0120885;nm0000163;
tt0120885;nm0000162;
tt0119396;nm0000427;
tt0119396;nm0001233;
tt0106489;nm0001590;
tt0106489;nm0000969;
tt0105001;nm0331054;
tt0104892;nm0943237;
tt0104892;nm0001445;
tt0104892;nm0799436;
tt0101393;nm0000287;
tt0099077;nm0001413;
tt0098625;nm0000193;
tt0097607;nm0000834;
tt0095631;nm0001301;
tt0095631;nm0001433;
tt0092851;nm0000297;
tt0092851;nm0132517;
tt0092563;nm0000956;
tt0091530;nm0564044;
tt0088846;nm0000596;
tt0088846;nm0002114;
tt0087843;nm0000249;
tt0081398;nm0001550;
tt0077416;nm0001030;
tt0074084;nm0000367;
tt0074084;nm0761212;
tt0070379;nm0698998;
tt0069765;nm0605363;
tt0069765;nm0306696;
tt0067124;nm0001583;
tt0067124;nm0886888;
tt0066856;nm0696038;
tt0067266;nm0908262;
tt0067266;nm0899079;
tt0065836;nm0662430;
tt0065481;nm0835144;
tt0065481;nm0385757;
tt0064924;nm0000356;
tt0064924;nm0585325;
tt0065198;nm0786120;
tt0065198;nm0573631;
tt0065198;nm0105494;
tt0063036;nm0912005;
tt0063036;nm0334057;
tt0063154;nm0370477;
tt0063154;nm0689248;
tt0063154;nm0070987;
tt2141713;nm0246814;
tt0179492;nm0368394;
tt0145455;nm1560239;
tt0145455;nm0000135;
tt0145455;nm1665328;
tt0127350;nm0416856;
tt0127350;nm0005495;
tt0095306;nm0935974;
tt0095306;nm0719127;
tt0093046;nm0002025;
tt0090839;nm0434223;
tt0090839;nm0935719;
tt0046593;nm0000370;
tt0046593;nm0621699;
tt0093027;nm0030418;
tt0093027;nm0076361;
tt0093027;nm0112318;
tt0076489;nm0122675;
tt0076489;nm0000414;
tt0065317;nm0134201;
tt0065317;nm0141956;
tt0066696;nm0384050;
tt0066696;nm0201375;
tt17277414;nm0494069;
tt17277414;nm3118835;
tt21391206;nm3332493;
tt18330034;nm4234500;
tt18330034;nm4873989;
tt18330034;nm3663840;
tt12874990;nm13085063;
tt9179096;nm7414957;
tt9179096;nm11440820;
tt2677722;nm0403947;
tt4123430;nm1519666;
tt4123430;nm2239702;
tt4123430;nm0283945;
tt6865690;nm1679669;
tt6865690;nm3747611;
tt1273221;nm5353321;
tt1273221;nm1720028;
tt1273221;nm2110418;
tt8925680;nm12503737;
tt8925680;nm12503739;
tt2296777;nm0564215;
tt7634200;nm0001504;
tt7634200;nm2946583;
tt7634200;nm5764828;
tt15386860;nm5263495;
tt15386860;nm6369408;
tt15386860;nm0004821;
tt10302982;nm0000685;
tt11961700;nm14967333;
tt11961700;nm11386433;
tt8031422;nm0005575;
tt8031422;nm0005346;
tt8031422;nm2628561;
tt1971310;nm3668216;
tt1971310;nm3822770;
tt3396114;nm3276835;
tt0488861;nm0307490;
tt0488861;nm6095990;
tt0488861;nm3436097;
tt1506998;nm0121605;
tt1506998;nm0000205;
tt0934814;nm1157048;
tt0934814;nm2088803;
tt0934814;nm1382427;
tt1954931;nm3048050;
tt1954931;nm0750353;
tt0787407;nm0118682;
tt0787407;nm2358540;
tt0787407;nm0700445;
tt0402114;nm0000530;
tt0402114;nm0879186;
tt0115083;nm0382819;
tt10199110;nm1477802;
tt10199110;nm3595501;
tt1663202;nm0362766;
tt1663202;nm2401020;
tt0993846;nm1706767;
tt1343092;nm1659547;
tt15739482;nm0008656;
tt15739482;nm0027424;
tt1616195;nm2309517;
tt1375666;nm0680983;
tt1130884;nm0607865;
tt0959337;nm0000701;
tt0959337;nm0280199;
tt0450259;nm0005023;
tt0119004;nm0089231;
tt0119004;nm0175305;
tt0163978;nm0948679;
tt0120338;nm0000708;
tt0117509;nm0000491;
tt0114702;nm0001960;
tt0112461;nm0812427;
tt0109820;nm0000998;
tt0109820;nm0339562;
tt0088527;nm0005484;
tt0088527;nm0005088;
tt0088527;nm0131647;
tt0101627;nm0130890;
tt0101627;nm0111846;
tt0101627;nm0184085;
tt0098887;nm0000893;
tt0098887;nm0805189;
tt0096661;nm0908914;
tt0096661;nm0831791;
tt0086793;nm0553436;
tt0086793;nm0908001;
tt0086793;nm0334398;
tt0096673;nm0272474;
tt0096673;nm0367696;
tt0096673;nm0005089;
tt0190196;nm0312196;
tt0190196;nm0565912;
tt0190196;nm0355375;
tt1823664;nm4832920;
tt1956620;nm0781981;
tt2203939;nm4478322;
tt2193215;nm1055413;
tt0404978;nm0000614;
tt1979172;nm0001402;
tt2486724;nm0000196;
tt1586265;nm1285162;
tt1586265;nm1733365;
tt1284575;nm0005493;
tt0990407;nm0736622;
tt9583666;nm0230666;
tt10954600;nm1431940;
tt10168312;nm0942482;
tt10168312;nm0235261;
tt10168312;nm0003214;
tt7255502;nm1807222;
tt7255502;nm4004372;
tt7946836;nm4705900;
tt7946836;nm9587598;
tt7946836;nm3447142;
tt5095030;nm0671567;
tt1734493;nm0636426;
tt0478970;nm1015684;
tt2911668;nm3528539;
tt2911668;nm4096851;
tt2465146;nm3606106;
tt1506999;nm2442289;
tt0852863;nm1605108;
tt0852863;nm0693933;
tt0852863;nm0864308;
tt19890316;nm0000212;
tt19890316;nm15403850;
tt14145436;nm7878293;
tt14145436;nm2480636;
tt14145436;nm5569442;
tt12545180;nm2525350;
tt12545180;nm2720892;
tt12545180;nm0666198;
tt15715052;nm0054697;
tt15715052;nm1802209;
tt14826022;nm1988575;
tt16302202;nm0267506;
tt13610562;nm10036531;
tt13610562;nm4478685;
tt13610562;nm0784818;
tt11834150;nm0644897;
tt11834150;nm0243231;
tt11834150;nm0000837;
tt12502856;nm1073992;
tt4093826;nm0498247;
tt4093826;nm0395398;
tt3768572;nm3012064;
tt3768572;nm2167445;
tt1924245;nm0948267;
tt1924245;nm2732125;
tt7959026;nm8423767;
tt7959026;nm1478076;
tt2179136;nm0973177;
tt1205489;nm3057402;
tt1205489;nm1542291;
tt0405159;nm0005476;
tt0309377;nm0001378;
tt0139668;nm0913460;
tt0139668;nm0004986;
tt0112579;nm0179960;
tt0112642;nm0000597;
tt0100514;nm0000471;
tt0100928;nm0180489;
tt0098097;nm0137114;
tt0091187;nm0569239;
tt0089767;nm0811202;
tt0087062;nm0000737;
tt0088272;nm0000991;
tt0088272;nm0000445;
tt0086383;nm0516800;
tt0084088;nm0247762;
tt0084088;nm0570615;
tt0083943;nm0428086;
tt0083943;nm0400267;
tt0080377;nm0507212;
tt0079116;nm0001526;
tt0079116;nm0089348;
tt0074483;nm0002033;
tt0074483;nm0345340;
tt0075029;nm0313381;
tt0072926;nm0569144;
tt0070355;nm0001358;
tt0070355;nm0752751;
tt0068699;nm0089244;
tt0068699;nm0384494;
tt0066999;nm0732367;
tt0067588;nm0910055;
tt0067588;nm0005234;
tt0066819;nm0366946;
tt0065134;nm0299578;
tt0064782;nm0781029;
tt0065207;nm0881829;
tt0061037;nm0542146;
tt0061037;nm0704719;
tt0059578;nm0002231;
tt0058461;nm0462367;
tt0054557;nm0485226;
tt0054557;nm0949241;
tt0054557;nm0385647;
tt0047708;nm0878826;
tt0051840;nm0159404;
tt0051349;nm0103722;
tt0051349;nm0212869;
tt0250167;nm0790171;
tt0250167;nm0175651;
tt0050363;nm0699092;
tt0048913;nm0561928;
tt0048913;nm0861158;
tt0048913;nm0303056;
tt0048971;nm0001996;
tt0048971;nm0618865;
tt0048971;nm0000851;
tt0049212;nm0625167;
tt0049793;nm0886638;
tt0047739;nm0100615;
tt0049547;nm0096022;
tt0047780;nm0717689;
tt0047780;nm0713270;
tt0047780;nm0716279;
tt0048696;nm0179408;
tt0048092;nm0258757;
tt0048554;nm0625562;
tt0048554;nm0111311;
tt7755354;nm7890595;
tt7755354;nm6094819;
tt7755354;nm8476565;
tt3229488;nm1320717;
tt3229488;nm2053035;
tt2657648;nm0138322;
tt2657648;nm0000143;
tt2657648;nm0267279;
tt2141833;nm0234139;
tt2141833;nm3254122;
tt2201034;nm3635465;
tt2201034;nm2372412;
tt2201034;nm2073694;
tt1551615;nm0420646;
tt1551615;nm0289716;
tt0410975;nm0000159;
tt0410975;nm0189220;
tt0451998;nm0235596;
tt0434931;nm0587778;
tt0377607;nm0167649;
tt0377607;nm0202203;
tt0367677;nm0004839;
tt0388977;nm0435678;
tt0388977;nm0871993;
tt0396514;nm1215047;
tt0362820;nm0228678;
tt2365971;nm11370179;
tt2365971;nm0005315;
tt21867434;nm0059431;
tt21867434;nm1097351;
tt21867434;nm4798740;
tt7985704;nm2201555;
tt7520568;nm3241414;
tt7520568;nm1285544;
tt14061008;nm2812026;
tt4135418;nm0000574;
tt4135418;nm0002139;
tt9419056;nm8408599;
tt9419056;nm0006669;
tt10339052;nm0005454;
tt12597800;nm0001661;
tt10312964;nm1423955;
tt10312964;nm3702160;
tt10312964;nm0478762;
tt10481868;nm9686861;
tt10481868;nm7371997;
tt7908756;nm6262342;
tt1099209;nm0000145;
tt1099209;nm0000618;
tt15046476;nm5838339;
tt15046476;nm0640086;
tt15046476;nm0001062;
tt7079272;nm0740360;
tt7079272;nm0357410;
tt6328734;nm4576260;
tt6328734;nm0936403;
tt6111130;nm0005245;
tt6111130;nm3887625;
tt6111130;nm0425543;
tt11388604;nm0735467;
tt3062558;nm0724460;
tt3062558;nm2993012;
tt3062558;nm4530265;
tt12872796;nm0000616;
tt13591658;nm8180364;
tt13591658;nm3234826;
tt8332454;nm0878155;
tt8000674;nm0523742;
tt8000674;nm4139037;
tt27196883;nm1669787;
tt27196883;nm9838941;
tt4687880;nm3616206;
tt4687880;nm0713389;
tt5559292;nm3489810;
tt28912885;nm2353862;
tt28912858;nm1670029;
tt28912758;nm8647190;
tt22033936;nm3593001;
tt22033936;nm8772394;
tt9764362;nm5896355;
tt6856242;nm2605345;
tt2382320;nm1785339;
tt3696180;nm1741002;
tt1984135;nm0004555;
tt1984135;nm0161476;
tt3513498;nm0695435;
tt5431890;nm0328828;
tt14402146;nm7906702;
tt11324406;nm0836121;
tt1879016;nm0532193;
tt12229370;nm4853066;
tt11169050;nm0371846;
tt2702920;nm7749917;
tt2702920;nm0360626;
tt2702920;nm0894857;
tt8579674;nm2835616;
tt8579674;nm0990547;
tt5028340;nm0592135;
tt5028340;nm0924210;
tt4951982;nm0774386;
tt4951982;nm2244205;
tt4951982;nm0800638;
tt3319730;nm5663632;
tt3319730;nm0001838;
tt2404639;nm0000391;
tt2404639;nm0001833;
tt4649466;nm5473782;
tt1473832;nm0428121;
tt15677150;nm1790970;
tt18335752;nm3996999;
tt7504726;nm1082477;
tt7504726;nm4446254;
tt2527338;nm5397459;
tt2527338;nm3915784;
tt5113040;nm0652663;
tt5113040;nm0366389;
tt5430544;nm0004198;
tt5430544;nm0076718;
tt29894541;nm3729225;
tt29894541;nm3485845;
tt1655441;nm0515116;
tt1655441;nm0401264;
tt5786876;nm2325018;
tt5786876;nm0955782;
tt2333784;nm0001472;
tt0453562;nm1165660;
tt8933914;nm0353796;
tt8933914;nm0286599;
tt8925010;nm0001190;
tt8925010;nm0672190;
tt1244659;nm0005392;
tt0924129;nm0000171;
tt18304834;nm0057113;
tt0430754;nm1747335;
tt0430754;nm1747444;
tt0430754;nm1747519;
tt0329717;nm0001326;
tt0267626;nm0819874;
tt0267626;nm0824220;
tt0161081;nm0870007;
tt0156934;nm0001165;
tt0133302;nm0528164;
tt0133302;nm4153580;
tt0133302;nm6640272;
tt0118972;nm0171513;
tt0764648;nm0667535;
tt0764648;nm0001186;
tt0110197;nm0000225;
tt0110197;nm0000721;
tt0106977;nm0000688;
tt0103586;nm0001218;
tt0103586;nm0355598;
tt0103586;nm0140393;
tt0105112;nm0000293;
tt0102768;nm0355112;
tt0097576;nm0233145;
tt0096463;nm0000429;
tt0095174;nm0000990;
tt0095174;nm0782561;
tt0091557;nm0000203;
tt0090329;nm0000534;
tt0087469;nm0702841;
tt0083658;nm0000707;
tt0082971;nm0293550;
tt0079576;nm0163748;
tt0079576;nm0005019;
tt0079180;nm0000698;
tt0079180;nm0081560;
tt0193524;nm0608056;
tt0193524;nm0540593;
tt0193524;nm0301893;
tt0076138;nm0000398;
tt0076563;nm0002554;
tt0074709;nm0950867;
tt0145012;nm0615540;
tt0145012;nm0000865;
tt0071032;nm0397622;
tt0071032;nm0758692;
tt0068093;nm0672673;
tt0068093;nm0525601;
tt0065286;nm0001205;
tt0065286;nm0027323;
tt0066601;nm0292689;
tt0066601;nm0356998;
tt0063925;nm0546765;
tt0063925;nm0057636;
tt0063925;nm0130370;
tt0063933;nm0926235;
tt0063933;nm0148851;
tt0063933;nm0275024;
tt0062589;nm0170696;
tt0062589;nm0929934;
tt0062589;nm0005152;
tt0063161;nm0765546;
tt0063161;nm0778906;
tt0055710;nm0238628;
tt0060287;nm0000336;
tt0060287;nm0817122;
tt5302918;nm13578781;
tt4761112;nm2588665;
tt4761112;nm12366935;
tt4761112;nm12366936;
tt1535108;nm1663205;
tt1321860;nm0947338;
tt1220220;nm0000381;
tt0410377;nm0124930;
tt0476964;nm0005024;
tt0476964;nm0004710;
tt0454848;nm0000243;
tt0344510;nm0851582;
tt6791350;nm1030244;
tt11743610;nm2090422;
tt21860316;nm0187719;
tt11570434;nm0000703;
tt4975920;nm8868767;
tt4975920;nm5772354;
tt11557906;nm0001122;
tt4881806;nm1245863;
tt10800876;nm3965748;
tt7134278;nm0757855;
tt2660806;nm0448252;
tt3614530;nm2874427;
tt3614530;nm2640887;
tt3614530;nm4563780;
tt4528890;nm0016141;
tt4528890;nm1684869;
tt4528890;nm0072829;
tt0369610;nm1339223;
tt1266020;nm0688132;
tt1266020;nm0641389;
tt1266020;nm0644406;
tt2015381;nm0004874;
tt3502544;nm0051469;
tt2611482;nm0298281;
tt2611482;nm0734442;
tt2691394;nm0429069;
tt2234701;nm5195233;
tt2234701;nm4789221;
tt2234701;nm6014536;
tt2203947;nm1959860;
tt2203947;nm4687747;
tt0770703;nm0310966;
tt1622696;nm0424534;
tt1622696;nm0048389;
tt0810922;nm0333410;
tt4462324;nm0000535;
tt4462324;nm0796124;
tt1131734;nm1083271;
tt1131734;nm0111013;
tt1078885;nm0385639;
tt1078885;nm0004790;
tt0398417;nm0738951;
tt0398417;nm0241885;
tt0398417;nm0754513;
tt0462601;nm1019751;
tt0462601;nm0001152;
tt0362359;nm0059215;
tt0362359;nm0001251;
tt0318883;nm0808376;
tt0318883;nm0885840;
tt0420225;nm0005211;
tt0420225;nm0001418;
tt0369994;nm0227576;
tt0295249;nm0450714;
tt0295249;nm0531095;
tt0295249;nm0000499;
tt0250157;nm0001664;
tt0250157;nm0819079;
tt0242399;nm0004671;
tt0242399;nm0514518;
tt10676048;nm0488953;
tt10676048;nm11940123;
tt11908172;nm1638321;
tt13157618;nm3592338;
tt13157618;nm0000332;
tt22445726;nm6254072;
tt22445726;nm1729480;
tt22445726;nm4356138;
tt29769472;nm9623099;
tt29769472;nm0565647;
tt4428398;nm0148418;
tt13820498;nm6195774;
tt13820498;nm1983843;
tt6079772;nm0702572;
tt10342730;nm0001674;
tt10342730;nm1540404;
tt14084160;nm0004859;
tt12369754;nm0855039;
tt12369754;nm0595634;
tt5112584;nm0002907;
tt26714897;nm2130235;
tt26714897;nm0120431;
tt13821126;nm3229685;
tt11210390;nm0133899;
tt11210390;nm0500976;
tt14622802;nm0693799;
tt14622802;nm0267042;
tt15440966;nm2188804;
tt15440966;nm3367478;
tt15440966;nm0302916;
tt5806814;nm0000950;
tt6217926;nm0374865;
tt13539094;nm3875963;
tt8201404;nm0167388;
tt7534096;nm9357954;
tt7534096;nm1839955;
tt7379680;nm1050277;
tt7379680;nm14652443;
tt13623148;nm0851317;
tt5535276;nm0093589;
tt2906216;nm2074546;
tt11271038;nm6076229;
tt11271038;nm11866274;
tt1517451;nm3078932;
tt2005151;nm3111373;
tt29873351;nm5136993;
tt29873351;nm3880757;
tt27793374;nm6632237;
tt8322592;nm0692677;
tt8322592;nm2236836;
tt8322592;nm0246612;
tt13673396;nm12158932;
tt5433138;nm0108287;
tt11468188;nm0879085;
tt1634106;nm2555462;
tt1634106;nm1537825;
tt5848272;nm0000604;
tt5848272;nm0798971;
tt18783984;nm1357683;
tt18783984;nm0393222;
tt27930974;nm0309307;
tt27930974;nm1627732;
tt8111088;nm2322864;
tt8111088;nm0755267;
tt20724032;nm0606704;
tt20724032;nm1569897;
tt20724032;nm12738538;
tt7978758;nm11742345;
tt7978758;nm1563349;
tt11947288;nm1827939;
tt11947288;nm3866131;
tt11947288;nm2099549;
tt5337160;nm0395777;
tt5337160;nm12879519;
tt5337160;nm1987941;
tt14035218;nm2349292;
tt14035218;nm3086712;
tt14035218;nm2260530;
tt13111078;nm5315658;
tt13111078;nm1616349;
tt10353588;nm1330560;
tt10353588;nm5245722;
tt4280606;nm0179479;
tt4280606;nm2551886;
tt4280606;nm1617379;
tt1630029;nm0941777;
tt11252254;nm5177845;
tt11252254;nm4314990;
tt2463208;nm11880640;
tt8787772;nm1509613;
tt6338498;nm6559213;
tt8976576;nm7344295;
tt8976576;nm7820636;
tt11265752;nm0430107;
tt11265752;nm1006024;
tt11265752;nm4260015;
tt11198810;nm1443740;
tt7971476;nm4805317;
tt7971476;nm2377903;
tt5507340;nm0005547;
tt5507340;nm0089788;
tt5507340;nm4155898;
tt1930123;nm0117857;
tt1930123;nm0185078;
tt1327801;nm0528331;
tt1932718;nm0000209;
tt2087571;nm0058581;
tt2087571;nm0710330;
tt2087571;nm2415436;
tt7006122;nm0269463;
tt1515091;nm0000179;
tt1231583;nm0302108;
tt27704325;nm2130040;
tt27704325;nm2938901;
tt14250484;nm15339420;
tt17569526;nm3270435;
tt17569526;nm10692273;
tt13002242;nm1812637;
tt13002242;nm0440913;
tt10545470;nm0046424;
tt10545470;nm7557188;
tt9172422;nm3723133;
tt20895888;nm7865906;
tt20895888;nm6267251;
tt20895888;nm4430337;
tt4725842;nm6113836;
tt4725842;nm2442560;
tt4725842;nm2404515;
tt6451260;nm0268949;
tt7250056;nm0000300;
tt7250056;nm0531195;
tt7476116;nm0023832;
tt7476116;nm0688143;
tt6293032;nm4728607;
tt14309446;nm0356021;
tt22095762;nm0000532;
tt22095762;nm1840708;
tt14439896;nm0915865;
tt6654210;nm0252230;
tt6654210;nm5824400;
tt14696048;nm0004835;
tt14696048;nm9587343;
tt4651466;nm6366586;
tt4651466;nm0110168;
tt3152592;nm0287182;
tt3152592;nm0005042;
tt8629748;nm6328300;
tt7401588;nm5097044;
tt4560436;nm3299397;
tt5294550;nm0931329;
tt3371366;nm0241049;
tt10095582;nm1307435;
tt10016180;nm0001467;
tt3766354;nm5480894;
tt6000478;nm0252238;
tt2671706;nm0376610;
tt1272878;nm1745736;
tt1907668;nm1229204;
tt1599348;nm0001598;
tt1037705;nm0829032;
tt1111422;nm0350079;
tt0427309;nm0253708;
tt9174718;nm0444291;
tt9174718;nm0700732;
tt15342244;nm9165599;
tt7461272;nm0582149;
tt12824750;nm0000116;
tt12824750;nm2156880;
tt14393734;nm3017448;
tt14393734;nm3659314;
tt4277922;nm1891185;
tt4277922;nm0598857;
tt4277922;nm2771436;
tt2222052;nm4960279;
tt2222052;nm3150488;
tt6905542;nm2145218;
tt6905542;nm5637047;
tt5323988;nm1200650;
tt5323988;nm1896620;
tt5323988;nm1797750;
tt7740574;nm7553598;
tt7740574;nm4639087;
tt0408381;nm0167340;
tt0408381;nm0146414;
tt0408381;nm0573862;
tt4230076;nm1269983;
tt4230076;nm1591496;
tt1727770;nm0080276;
tt0910885;nm0570364;
tt0910885;nm0334179;
tt2624412;nm4539692;
tt2710104;nm0001264;
tt2710104;nm2312345;
tt1327773;nm0001856;
tt1492966;nm0127373;
tt1492966;nm3463761;
tt1492966;nm3425494;
tt1703925;nm0000704;
tt1703925;nm1172116;
tt1703925;nm1463709;
tt1402488;nm0600877;
tt14555174;nm3698103;
tt14555174;nm7580248;
tt22394702;nm5451410;
tt22394702;nm3094377;
tt22394694;nm0613147;
tt22394694;nm1596999;
tt14656632;nm0001151;
tt16527290;nm0001143;
tt16527290;nm3165541;
tt15837458;nm2104119;
tt14849038;nm1641140;
tt14849038;nm0744331;
tt15391770;nm0146915;
tt15391770;nm2385783;
tt14577304;nm0582462;
tt14577304;nm0614877;
tt14412366;nm0342029;
tt14174168;nm0001701;
tt13496236;nm8332635;
tt13496236;nm8860625;
tt15591076;nm0001748;
tt15591076;nm0750468;
tt15591076;nm6058482;
tt4595186;nm5988570;
tt4595186;nm1587729;
tt1190634;nm0881631;
tt1190634;nm4425051;
tt1190634;nm1102278;
tt20217988;nm4677867;
tt12281808;nm3812858;
tt12281808;nm5183361;
tt0264235;nm0202970;
tt0264235;nm0385644;
tt0264235;nm0307531;
tt10344522;nm0303013;
tt6359956;nm0068338;
tt2141773;nm0841910;
tt2141773;nm0644022;
tt16280138;nm0451351;
tt11252248;nm9208180;
tt11252248;nm3590810;
tt12614214;nm3931538;
tt12614214;nm3856316;
tt6264654;nm3069650;
tt6264654;nm0169806;
tt6182908;nm3918035;
tt7699354;nm1409651;
tt3532050;nm3255459;
tt3532050;nm0627893;
tt3532050;nm0740535;
tt15257160;nm0001573;
tt11771270;nm1119726;
tt11771270;nm0001653;
tt8332922;nm8075925;
tt4131800;nm0155693;
tt3631112;nm2247245;
tt13623608;nm2358709;
tt13623608;nm1509478;
tt11729844;nm4044784;
tt15977708;nm9352307;
tt15977708;nm1082823;
tt3228774;nm0000668;
tt3228774;nm2181128;
tt13972044;nm4511652;
tt9471222;nm0005200;
tt9471222;nm10341951;
tt10177486;nm8611957;
tt5580146;nm4420495;
tt11433048;nm0340729;
tt6914122;nm0777788;
tt8368406;nm2488429;
tt8368406;nm9450235;
tt8710432;nm0240780;
tt8710432;nm1110617;
tt8710432;nm4768376;
tt6817212;nm9496582;
tt6817212;nm11289839;
tt6817212;nm8481687;
tt11525644;nm1092086;
tt6521876;nm0000725;
tt1950186;nm1256532;
tt7153766;nm0502671;
tt7153766;nm3982894;
tt10298810;nm1551130;
tt10298810;nm0812307;
tt2304589;nm1890784;
tt2304589;nm5897057;
tt4995776;nm2845104;
tt4995776;nm8745615;
tt4995776;nm0931324;
tt4154664;nm0578853;
tt4481414;nm5085683;
tt4481414;nm0242026;
tt8080204;nm0103797;
tt8080204;nm1238555;
tt11128440;nm0641168;
tt11128440;nm0026879;
tt11128440;nm0673229;
tt2180339;nm0504832;
tt3108894;nm4446467;
tt3108894;nm12373805;
tt8544498;nm1232470;
tt7456312;nm0001609;
tt1488606;nm0402271;
tt2361317;nm0322407;
tt14230388;nm0005403;
tt7405458;nm3901455;
tt7405458;nm5043859;
tt4593060;nm9974256;
tt3704428;nm2581521;
tt3704428;nm4609822;
tt13991232;nm0005011;
tt3420504;nm2655177;
tt3420504;nm8037956;
tt6878306;nm8023748;
tt6878306;nm0040106;
tt13143964;nm0056187;
tt13143964;nm7210025;
tt7165904;nm4714260;
tt7165904;nm1679769;
tt7165904;nm0427079;
tt6048922;nm0000223;
tt6048922;nm0334318;
tt3224458;nm0722629;
tt3224458;nm0177933;
tt6294822;nm0005299;
tt7452910;nm5198446;
tt18083578;nm0314524;
tt18545980;nm6530360;
tt18545980;nm0324397;
tt18545980;nm1129383;
tt14153080;nm6073955;
tt14153080;nm9305936;
tt13141250;nm7706117;
tt13141250;nm0101119;
tt13141250;nm8338781;
tt11833408;nm1526352;
tt11833408;nm5795728;
tt7469828;nm6442629;
tt13356646;nm2718512;
tt5932368;nm3199307;
tt5932368;nm0005258;
tt6802400;nm0002119;
tt6802400;nm0372191;
tt18180926;nm14482556;
tt18180926;nm0537648;
tt27805051;nm14036523;
tt27805051;nm0396125;
tt2935622;nm3315947;
tt2935622;nm3143851;
tt4677934;nm0352778;
tt1488589;nm0103195;
tt1488589;nm9640481;
tt14444726;nm4374524;
tt13651794;nm3461890;
tt13651794;nm6217576;
tt7678620;nm1256136;
tt7678620;nm3148372;
tt7678620;nm12544653;
tt5960374;nm5237479;
tt2798920;nm1935086;
tt7976862;nm3362796;
tt3597790;nm3501247;
tt6673574;nm4541705;
tt10172266;nm3253943;
tt27817437;nm8187515;
tt14109994;nm8437490;
tt14109994;nm6677237;
tt11173006;nm2628935;
tt12026710;nm2471798;
tt12026710;nm3569284;
tt12026710;nm4464857;
tt7949204;nm10020357;
tt7949204;nm0492153;
tt5212822;nm2819413;
tt5212822;nm4895049;
tt5212822;nm2875233;
tt4003440;nm0000369;
tt4003440;nm0004486;
tt4685806;nm3525624;
tt2503944;nm0117709;
tt3476576;nm0313534;
tt0397306;nm0769446;
tt0397306;nm0342241;
tt9419884;nm0647634;
tt7556122;nm8460487;
tt2139881;nm2053085;
tt9196186;nm10599973;
tt9196186;nm3467480;
tt5610554;nm4496875;
tt5610554;nm0515296;
tt5691552;nm1597316;
tt5691552;nm0425982;
tt12573454;nm1659221;
tt12573454;nm6819854;
tt12121582;nm10656677;
tt9357050;nm3239803;
tt12802708;nm0051104;
tt12802708;nm0356017;
tt11084896;nm6343162;
tt7435316;nm2539953;
tt6046314;nm0462407;
tt1517268;nm4793987;
tt0088580;nm0219558;
tt0088580;nm0281936;
tt0088580;nm0940182;
tt7713068;nm0935541;
tt5294522;nm6806440;
tt5294522;nm1379938;
tt2328900;nm1519680;
tt2328900;nm4110963;
tt6905696;nm2623902;
tt6905696;nm3284401;
tt4463816;nm0002077;
tt15364972;nm11386365;
tt10354106;nm7153679;
tt11337908;nm3538718;
tt11337908;nm11971879;
tt12014962;nm6545164;
tt12014962;nm7635388;
tt11609074;nm4738689;
tt5807606;nm0005342;
tt5807606;nm0586568;
tt1780967;nm0040939;
tt1780967;nm9982380;
tt2866708;nm0752407;
tt8746478;nm0125475;
tt6316466;nm2280518;
tt6316466;nm4186055;
tt5090568;nm6588867;
tt5090568;nm0904967;
tt15552018;nm12213794;
tt15552018;nm2021003;
tt12785720;nm5836811;
tt12785720;nm6919834;
tt12785720;nm10939187;
tt5113044;nm1853544;
tt9376612;nm4855517;
tt8368408;nm2394794;
tt8368408;nm0372176;
tt5171438;nm2792296;
tt5171438;nm0427964;
tt5171438;nm0710829;
tt8623904;nm10916154;
tt8623904;nm0410667;
tt9059594;nm0609845;
tt9059594;nm0669656;
tt18347622;nm3072466;
tt18347622;nm4964567;
tt22889176;nm7501381;
tt22889176;nm2648214;
tt22175166;nm2769760;
tt22175166;nm1569065;
tt3447590;nm10341836;
tt3447590;nm2736476;
tt9169784;nm0146803;
tt2442560;nm2167957;
tt2442560;nm2570706;
tt19224994;nm4598514;
tt13649036;nm0001324;
tt11127680;nm0733172;
tt11127680;nm8420166;
tt13138834;nm0278239;
tt13138834;nm2092886;
tt11009048;nm11108606;
tt11009048;nm0287055;
tt6538034;nm0416694;
tt6538034;nm1013087;
tt6587046;nm13177683;
tt6587046;nm4027243;
tt19064880;nm9612180;
tt1877830;nm2368789;
tt7395114;nm0803889;
tt7395114;nm8928696;
tt11657754;nm8015494;
tt7984766;nm6077951;
tt7984766;nm5994557;
tt7984766;nm1433660;
tt7984734;nm10840078;
tt4827558;nm0071275;
tt5881528;nm1985859;
tt5881528;nm0954655;
tt9726818;nm0006563;
tt7250312;nm1871577;
tt7250312;nm8813575;
tt11813216;nm0174403;
tt8633464;nm3853652;
tt8633464;nm9317294;
tt9664108;nm6675440;
tt3089630;nm9500254;
tt3089630;nm7107447;
tt3089630;nm1265802;
tt8367814;nm0000190;
tt9670896;nm3556950;
tt7857140;nm0428901;
tt7857140;nm0105210;
tt5592248;nm0000379;
tt8258502;nm8958770;
tt8258502;nm7543974;
tt21192142;nm0778831;
tt21192142;nm15211024;
tt6875952;nm0211920;
tt6875952;nm12894912;
tt6875952;nm1067317;
tt19770238;nm13592008;
tt19770238;nm3278700;
tt10375396;nm1160803;
tt9100054;nm2976580;
tt15521220;nm5353667;
tt12921670;nm0001396;
tt12921670;nm1213869;
tt10681614;nm1631384;
tt10681614;nm1254152;
tt12235102;nm6616961;
tt12235102;nm0186475;
tt9059760;nm8402992;
tt9059760;nm5708540;
tt10011266;nm3845450;
tt10011266;nm1800670;
tt10011266;nm0568362;
tt5843850;nm0000932;
tt5843850;nm4045841;
tt5177694;nm6149631;
tt1074638;nm0000849;
tt1074638;nm0365140;
tt1568346;nm1913734;
tt0983193;nm0068260;
tt0983193;nm0785227;
