FILM;ID REALISATEUR;
tt0082449;nm0410139;
tt0077898;nm0001904;
tt0077536;nm0723629;
tt0076851;nm0092372;
tt0075971;nm0060072;
tt0075971;nm0710230;
tt0074130;nm0161002;
tt0072308;nm0347086;
tt0066327;nm0060072;
tt0066327;nm0710230;
tt0066194;nm0566671;
tt0064664;nm0458033;
tt0062974;nm0000338;
tt1368858;nm2940732;
tt1816518;nm0041334;
tt1816518;nm0665262;
tt1816518;nm2883649;
tt0858500;nm0950000;
tt1295021;nm1245812;
tt1278345;nm0000204;
tt0783608;nm0001707;
tt0439848;nm1507217;
tt0342735;nm0001885;
tt0491524;nm0895560;
tt0338201;nm0916189;
tt0337876;nm0322242;
tt0347149;nm0594503;
tt0276919;nm0001885;
tt0069899;nm0173953;
tt0069990;nm0671862;
tt0067637;nm0160108;
tt0067637;nm0143007;
tt0066857;nm0257992;
tt0066164;nm0143007;
tt0066164;nm0001031;
tt0064779;nm0222545;
tt0064324;nm0042159;
tt0063592;nm0229424;
tt0063715;nm0000019;
tt0063715;nm0001501;
tt0063715;nm0671862;
tt11609168;nm0717025;
tt11609138;nm0717025;
tt11609132;nm0558062;
tt11609132;nm0717025;
tt11609126;nm0558062;
tt11609126;nm0717025;
tt11609104;nm0717025;
tt11609088;nm0000003;
tt0082801;nm0000814;
tt0082200;nm0000776;
tt0080455;nm0000484;
tt0078723;nm0000229;
tt0079660;nm0570219;
tt0076816;nm0918660;
tt0077621;nm0000197;
tt0077975;nm0000484;
tt0077147;nm0001385;
tt0077147;nm0918660;
tt0775426;nm0918660;
tt0073691;nm0681617;
tt0073691;nm0844326;
tt0301538;nm0376676;
tt0301538;nm1116357;
tt0301538;nm0446859;
tt9121232;nm1972555;
tt0119496;nm0000005;
tt0073822;nm0000005;
tt0069467;nm0000005;
tt0064793;nm0000005;
tt0064897;nm0000005;
tt0048272;nm0000005;
tt0047167;nm0000005;
tt0044811;nm0000005;
tt0043048;nm0000005;
tt0041998;nm0000005;
tt0040622;nm0000005;
tt0039834;nm0000005;
tt0036914;nm0803549;
tt0084914;nm0316830;
tt0077711;nm0000005;
tt0074878;nm0591486;
tt0071877;nm0001486;
tt0070079;nm0177034;
tt0066542;nm0337885;
tt0064117;nm0757256;
tt0061794;nm0467646;
tt0059927;nm0002190;
tt0058724;nm0926919;
tt0057135;nm0781751;
tt0207317;nm0156668;
tt0054936;nm0514822;
tt0049291;nm0733476;
tt0047985;nm0943758;
tt0048291;nm0229424;
tt0048801;nm0002031;
tt0046754;nm0000581;
tt0047437;nm0000697;
tt0046816;nm0229424;
tt0046414;nm0001379;
tt0045544;nm0112218;
tt0044533;nm0112218;
tt0043265;nm0001379;
tt0044040;nm0076779;
tt0043503;nm0934827;
tt0043503;nm0909825;
tt10905860;nm0070534;
tt10905860;nm0793804;
tt0442674;nm0748142;
tt1667880;nm0402995;
tt0227445;nm0000568;
tt0120678;nm0800533;
tt0118768;nm0000136;
tt0116654;nm0001239;
tt0116654;nm0822582;
tt8391714;nm0248054;
tt0112883;nm0505230;
tt0103962;nm0322515;
tt0099615;nm0000921;
tt0097243;nm0657484;
tt0839995;nm0001149;
tt0839995;nm0504513;
tt0080754;nm0000814;
tt0078788;nm0000338;
tt0087803;nm0705535;
tt0159876;nm0258405;
tt0079492;nm0233071;
tt0080536;nm0202088;
tt0078320;nm0572132;
tt0081975;nm0656108;
tt0077289;nm0006889;
tt0078492;nm0572132;
tt0077921;nm0324995;
tt29120102;nm0000958;
tt29120102;nm0657853;
tt0075995;nm0001486;
tt0076009;nm0000958;
tt0076009;nm0657853;
tt0088248;nm0765121;
tt0082970;nm0001232;
tt0062676;nm0782947;
tt0331187;nm0736392;
tt0055256;nm0000697;
tt0053849;nm0599910;
tt0053272;nm0027183;
tt0053109;nm0496468;
tt0050681;nm0678928;
tt0049844;nm0746740;
tt0049881;nm0936404;
tt0048380;nm0000406;
tt0048380;nm0503777;
tt0048380;nm0517597;
tt0048604;nm0789520;
tt0055214;nm0027183;
tt0053455;nm0027183;
tt0053351;nm0744035;
tt0052545;nm0572851;
tt0052876;nm0202681;
tt0052876;nm0001500;
tt0052876;nm0792605;
tt0051899;nm0542649;
tt0052283;nm0242897;
tt0050658;nm0000697;
tt0049233;nm0943758;
tt0047956;nm0695937;
tt0047647;nm0000736;
tt0047013;nm0368871;
tt0045563;nm0293707;
tt0046238;nm0733476;
tt0045184;nm0211964;
tt0098649;nm0169540;
tt0094315;nm0000755;
tt0090663;nm0870800;
tt0089640;nm0523310;
tt0086198;nm0769615;
tt0084494;nm0769615;
tt0082360;nm0177034;
tt0081526;nm0000165;
tt0081738;nm0396421;
tt0081738;nm0568546;
tt0081750;nm0178114;
tt0079956;nm0441501;
tt0077413;nm0347086;
tt0078158;nm0396421;
tt0063821;nm0606593;
tt0063801;nm0002195;
tt0061380;nm0572132;
tt0061447;nm0850895;
tt10898960;nm0850895;
tt0060463;nm0850895;
tt0059112;nm0506589;
tt0058571;nm0422484;
tt0057329;nm0330456;
tt0057581;nm0422484;
tt0055797;nm0910199;
tt0056575;nm0542720;
tt0055100;nm0542720;
tt0096460;nm0418986;
tt0090490;nm0382227;
tt0084609;nm0505697;
tt0082779;nm0923613;
tt0075529;nm0062308;
tt0079152;nm0002175;
tt0078350;nm0000740;
tt0075648;nm0417054;
tt0069110;nm0027183;
tt0067721;nm0806915;
tt0065374;nm0318150;
tt0049261;nm0828419;
tt0048545;nm0712947;
tt0048028;nm0001415;
tt0045449;nm13895776;
tt13774298;nm0000015;
tt0070460;nm0000076;
tt0066989;nm0000076;
tt0324361;nm0186622;
tt0053964;nm0003606;
tt0079867;nm0376101;
tt0058453;nm0703689;
tt0055031;nm0006452;
tt0052311;nm0000080;
tt0051201;nm0000697;
tt0049520;nm0853138;
tt0048960;nm0027183;
tt0048960;nm0268513;
tt0045070;nm0000485;
tt0043859;nm0467396;
tt0042994;nm0000033;
tt0041523;nm0548529;
tt0040367;nm0000697;
tt0039428;nm0500552;
tt0038728;nm0480190;
tt0036984;nm0226189;
tt1462446;nm0439137;
tt0290218;nm0329640;
tt0311110;nm0770961;
tt0108968;nm0556435;
tt0167423;nm0038875;
tt5789448;nm0779265;
tt0111353;nm0572951;
tt0109936;nm0528718;
tt0105343;nm0037790;
tt0103194;nm0144482;
tt0102603;nm0000484;
tt0095373;nm0338719;
tt0093267;nm0000019;
tt0086412;nm0814773;
tt0075793;nm0778633;
tt0069191;nm0000019;
tt0065380;nm0005196;
tt0066922;nm0000019;
tt5508084;nm0656528;
tt5508084;nm0719756;
tt5508084;nm0744023;
tt0040092;nm0744023;
tt0038823;nm0744023;
tt0083141;nm0742471;
tt0082846;nm0041932;
tt0080789;nm0172642;
tt0081273;nm0389431;
tt0080417;nm0921464;
tt0079550;nm0623768;
tt0080116;nm0001228;
tt0078976;nm0707597;
tt0077539;nm0000697;
tt0077691;nm0542720;
tt0076102;nm0502391;
tt0109919;nm0875744;
tt0090908;nm0518719;
tt0078449;nm0362683;
tt0060307;nm0291201;
tt0054532;nm0671766;
tt0056566;nm0454771;
tt0055184;nm0001379;
tt0053957;nm0789520;
tt0052662;nm0485943;
tt0052151;nm0936404;
tt0052278;nm0780833;
tt0050166;nm0909825;
tt0049407;nm0909825;
tt0048691;nm0909825;
tt0048640;nm0229424;
tt0046770;nm0718106;
tt0046085;nm0000406;
tt0046124;nm0202681;
tt0043751;nm0792605;
tt0043371;nm0291035;
tt0043371;nm0659085;
tt0043262;nm0920074;
tt0284714;nm0695462;
tt0057168;nm0623768;
tt0056930;nm0001023;
tt0057093;nm0506187;
tt0054172;nm0796645;
tt0047522;nm0002030;
tt0043012;nm0910199;
tt0041507;nm0502752;
tt0040976;nm0851537;
tt0040308;nm0910199;
tt0040694;nm0591486;
tt0039035;nm0926636;
tt0039035;nm0591486;
tt0039035;nm0796645;
tt0038589;nm0796645;
tt0243166;nm0000519;
tt0127536;nm0001408;
tt0127933;nm0946734;
tt0120800;nm0238865;
tt0116477;nm0000110;
tt0117364;nm0001005;
tt0116136;nm0003418;
tt0117631;nm0382956;
tt0113269;nm0318150;
tt0061170;nm0910199;
tt0058092;nm0625680;
tt0056923;nm0002045;
tt0053877;nm0002045;
tt0053143;nm0001175;
tt0053125;nm0000033;
tt0051745;nm0789520;
tt0051773;nm0002045;
tt0050599;nm0002045;
tt0050105;nm0564970;
tt0050858;nm0006452;
tt0048728;nm0000033;
tt0045706;nm0791084;
tt0044916;nm0001328;
tt8924990;nm0449984;
tt0116230;nm0353592;
tt0110604;nm0909026;
tt0102181;nm0001752;
tt0095274;nm0836430;
tt0095530;nm0250489;
tt0159876;nm0258405;
tt0087192;nm0072025;
tt0087892;nm0000180;
tt0086190;nm0549658;
tt0085873;nm0108613;
tt0081062;nm0324995;
tt0069515;nm0625680;
tt0062601;nm0938028;
tt0067681;nm0491626;
tt0067476;nm0339516;
tt0062712;nm0856319;
tt0061377;nm0950109;
tt0060848;nm0950109;
tt0060848;nm0505610;
tt0059460;nm0447944;
tt0057952;nm0368871;
tt0056057;nm0550892;
tt0053308;nm0644048;
tt0052182;nm0542720;
tt0050815;nm0796645;
tt0050397;nm0663577;
tt0116929;nm0120223;
tt0116017;nm0522218;
tt0421542;nm0812380;
tt0183973;nm0267740;
tt0110138;nm0676248;
tt0104069;nm0230286;
tt0109656;nm0599515;
tt0104766;nm0325805;
tt0106954;nm0496459;
tt0101759;nm0001090;
tt0102122;nm0676248;
tt0100141;nm0347098;
tt5348618;nm0233617;
tt0181770;nm0183007;
tt0087350;nm0518192;
tt0096794;nm0000229;
tt0093440;nm0002726;
tt0083189;nm0000953;
tt0078879;nm0950109;
tt0075147;nm0504513;
tt0062467;nm0950109;
tt0062407;nm0002045;
tt0060522;nm0943758;
tt0058385;nm0002030;
tt0054743;nm0943758;
tt0054698;nm0001175;
tt0054428;nm0001379;
tt0053131;nm0003593;
tt0110732;nm0082300;
tt0110391;nm0139111;
tt0111415;nm0367431;
tt0467484;nm1044241;
tt0104805;nm0769615;
tt0095502;nm0769615;
tt0091567;nm0769615;
tt0087354;nm0367431;
tt0079000;nm0002030;
tt0078025;nm0171619;
tt0073636;nm0587706;
tt0073310;nm0002030;
tt0070115;nm0367431;
tt0069958;nm0724798;
tt0293495;nm0259763;
tt0363468;nm0468549;
tt0193364;nm0504802;
tt0133152;nm0000318;
tt0239395;nm0349183;
tt0141907;nm0155093;
tt0112111;nm0828562;
tt0146838;nm0000231;
tt0907895;nm2283579;
tt0141121;nm0393874;
tt0928371;nm2283579;
tt0120591;nm0000881;
tt0083015;nm0001175;
tt0080671;nm0172772;
tt0081747;nm0326360;
tt0078801;nm0281507;
tt0079117;nm0181902;
tt0077394;nm0852279;
tt0077394;nm0388198;
tt0074958;nm0001486;
tt0074085;nm0334353;
tt0071292;nm0172772;
tt0069822;nm0000142;
tt0069806;nm0125111;
tt0069179;nm0542702;
tt0067989;nm0001175;
tt0084726;nm0583292;
tt0060438;nm0504513;
tt0224066;nm0781036;
tt0061599;nm0769334;
tt29262010;nm15284734;
tt0060410;nm0065716;
tt0060410;nm0773693;
tt0059704;nm0851537;
tt0059287;nm0038906;
tt0059631;nm0693376;
tt0059631;nm0000036;
tt0059631;nm0819501;
tt0058953;nm0038906;
tt0294702;nm0625680;
tt0058440;nm0918659;
tt0185731;nm0129917;
tt0075529;nm0062308;
tt0081777;nm0339254;
tt0076890;nm0235066;
tt0070068;nm0441501;
tt0061736;nm0000037;
tt0062873;nm0218840;
tt0061830;nm0000037;
tt0058743;nm0496746;
tt0054022;nm0002030;
tt0053946;nm0006452;
tt0051911;nm0710924;
tt0049314;nm0910199;
tt0049815;nm0896533;
tt0046806;nm0733476;
tt0047050;nm0554249;
tt0046874;nm0780833;
tt0047396;nm0000033;
tt0046912;nm0000033;
tt0040051;nm0548529;
tt1518190;nm0398275;
tt0088744;nm0573475;
tt0089910;nm0936358;
tt0084911;nm0316830;
tt0762803;nm0027413;
tt0064041;nm0001415;
tt0064397;nm0001239;
tt0063467;nm0177034;
tt0063467;nm0623768;
tt0061634;nm0496746;
tt0059431;nm0232902;
tt0058404;nm0001379;
tt0057933;nm0623768;
tt0057917;nm0229424;
tt0055718;nm0494885;
tt0055264;nm0049728;
tt0055264;nm0950109;
tt0053583;nm0058826;
tt0054142;nm0164044;
tt0053884;nm0916271;
tt0053045;nm0002031;
tt0051393;nm0202681;
tt0052097;nm0002031;
tt0050298;nm0005789;
tt0050208;nm0624535;
tt0050192;nm0235066;
tt0049110;nm0878338;
tt0049714;nm0235066;
tt0065727;nm0342489;
tt0060421;nm0338137;
tt0045203;nm0782804;
tt0042144;nm1023688;
tt0041883;nm0211964;
tt0040479;nm0572851;
tt0040754;nm0751514;
tt0100889;nm0624477;
tt0097351;nm0004675;
tt0094787;nm0027183;
tt0096003;nm0677951;
tt0092781;nm0598855;
tt0092105;nm0437596;
tt0090701;nm0680097;
tt0089496;nm0788991;
tt0089966;nm0723629;
tt0086058;nm0001603;
tt0077594;nm0167195;
tt0077594;nm0000045;
tt0070034;nm0167195;
tt0068935;nm0000045;
tt0068767;nm0516344;
tt0067824;nm0516344;
tt0067824;nm0156927;
tt0064638;nm0091575;
tt0061266;nm0949418;
tt0059991;nm0872077;
tt0193458;nm0498306;
tt0193289;nm0628860;
tt0059712;nm0006452;
tt0055382;nm0704224;
tt0047978;nm0514822;
tt0044081;nm0001415;
tt0040098;nm0245213;
tt0038390;nm0664257;
tt0034272;nm0466099;
tt0033238;nm0503777;
tt0032179;nm0212704;
tt0031381;nm0281808;
tt0031381;nm0002030;
tt0031381;nm0939992;
tt0030746;nm0924065;
tt0030989;nm0176699;
tt0029611;nm0198202;
tt0029611;nm0767701;
tt10627584;nm0690642;
tt13463216;nm0690642;
tt3032274;nm0690642;
tt1483419;nm0801819;
tt0875034;nm0551128;
tt0418590;nm0921631;
tt0367360;nm0162013;
tt0289668;nm0690642;
tt0295266;nm0921631;
tt0120158;nm0359894;
tt0113228;nm0222043;
tt0110907;nm0000265;
tt0098244;nm0921631;
tt0268070;nm0728271;
tt0058456;nm0001471;
tt0058384;nm0038906;
tt0056943;nm0869664;
tt0057449;nm0000339;
tt0055988;nm0000740;
tt0056552;nm0000339;
tt0055608;nm0000740;
tt0108187;nm0001175;
tt0062601;nm0938028;
tt0063939;nm0131968;
tt0063939;nm1116793;
tt0061739;nm0001175;
tt0060837;nm0695462;
tt0060837;nm0293989;
tt0068334;nm0006916;
tt0063612;nm0695937;
tt0060169;nm0554249;
tt0051016;nm0000740;
tt0051196;nm0850895;
tt0157035;nm0191386;
tt0044662;nm0259838;
tt0043476;nm0191899;
tt0042753;nm0370821;
tt0088746;nm0708034;
tt0088111;nm0108707;
tt0089049;nm0512327;
tt0331999;nm0831968;
tt0085152;nm0024888;
tt0085152;nm0327398;
tt0086618;nm0198991;
tt0132520;nm2729675;
tt0084855;nm0001486;
tt0082233;nm0557704;
tt0084157;nm0131769;
tt0083908;nm0357891;
tt0081809;nm0572132;
tt0120443;nm0210701;
tt0117968;nm0749914;
tt0114086;nm0000774;
tt0114086;nm0000694;
tt0115479;nm0264967;
tt0112654;nm0889513;
tt0235156;nm0523439;
tt0108435;nm0088397;
tt0106678;nm0069833;
tt0105706;nm0452319;
tt0103224;nm0150057;
tt0102439;nm0000766;
tt0103055;nm0757256;
tt0103200;nm0002180;
tt0100681;nm0868153;
tt0126973;nm6790237;
tt0114075;nm0728189;
tt0112817;nm0000464;
tt0112440;nm0067999;
tt0108588;nm0320180;
tt0108358;nm0181902;
tt0108358;nm0418883;
tt0101540;nm0000217;
tt0173437;nm1108056;
tt0100148;nm0104096;
tt0100428;nm0491626;
tt0097611;nm0441914;
tt0053291;nm0000697;
tt0050861;nm0000059;
tt0049038;nm0517597;
tt0048605;nm0000697;
tt0047574;nm0485943;
tt0047422;nm0695937;
tt0047422;nm0624535;
tt0045891;nm0624535;
tt0045810;nm0001328;
tt0046126;nm0368871;
tt0044557;nm0001928;
tt0313901;nm0000055;
tt0313901;nm0953123;
tt0032023;nm0562845;
tt0030194;nm0550892;
tt0030194;nm0693281;
tt0892391;nm1435800;
tt0901686;nm0005124;
tt0901686;nm0768959;
tt0814044;nm2014649;
tt0317219;nm0005124;
tt0317219;nm0710020;
tt0401623;nm0184729;
tt0353849;nm0622553;
tt0257044;nm0005222;
tt0149367;nm0437709;
tt0139462;nm0001502;
tt0119594;nm0000914;
tt0110684;nm0000914;
tt0085384;nm0001175;
tt0083647;nm0285302;
tt0084814;nm0001175;
tt0081470;nm0572132;
tt0081439;nm0796923;
tt0081439;nm0402597;
tt0081439;nm0589228;
tt27163022;nm0141868;
tt0079630;nm0859387;
tt0075807;nm0865709;
tt0074937;nm0601800;
tt0074968;nm0865709;
tt0493295;nm0693376;
tt0073511;nm0002175;
tt0246748;nm0235852;
tt0161356;nm0500609;
tt0112667;nm0170680;
tt0102598;nm0001060;
tt0070598;nm0869427;
tt0066831;nm0792450;
tt0066831;nm0000078;
tt0065859;nm0330456;
tt0060884;nm0572132;
tt0058949;nm0202681;
tt0595253;nm0769615;
tt0057298;nm0572132;
tt0057523;nm0202681;
tt0056255;nm0467396;
tt0096416;nm0418746;
tt22409520;nm0298279;
tt22409520;nm0362058;
tt0090323;nm0402597;
tt0087190;nm0461158;
tt0086993;nm0002044;
tt0092047;nm0707597;
tt0085755;nm0950109;
tt0085969;nm0707597;
tt0087561;nm0254559;
tt0084875;nm0707597;
tt0107859;nm0671957;
tt3498448;nm0589495;
tt0102609;nm0422484;
tt0098022;nm0699933;
tt0092545;nm0001565;
tt0086251;nm0518719;
tt0083387;nm0498637;
tt0077269;nm0769874;
tt0076342;nm0765121;
tt0075005;nm0001149;
tt0069786;nm0467646;
tt0067750;nm0368871;
tt0053290;nm0896542;
tt0051028;nm0454771;
tt0050091;nm0757940;
tt0049170;nm0796645;
tt0048767;nm0454771;
tt0048312;nm0000406;
tt0045961;nm0454771;
tt0046080;nm0005789;
tt0045041;nm0628149;
tt0044552;nm0368871;
tt0043668;nm0001928;
tt0043959;nm0368871;
tt0042195;nm0000485;
tt0065537;nm0334353;
tt0065125;nm0856715;
tt0064155;nm0912766;
tt0063231;nm0851537;
tt0063634;nm0851537;
tt0063643;nm0856715;
tt0061489;nm0618834;
tt0061595;nm0851537;
tt0061610;nm0723664;
tt0061015;nm0851537;
tt0059563;nm0601077;
tt0060429;nm0208111;
tt0059255;nm0625383;
tt0056585;nm0851537;
tt0059224;nm0755963;
tt0275947;nm0121789;
tt0383009;nm0722749;
tt0228685;nm0106116;
tt0117657;nm0320306;
tt0117604;nm0427323;
tt0117604;nm0794779;
tt0116441;nm0363553;
tt0379362;nm1487820;
tt0114887;nm0000778;
tt0110018;nm0065471;
tt0110019;nm0636165;
tt0110016;nm0498991;
tt0284316;nm0258757;
tt0070723;nm0281507;
tt0068995;nm0827854;
tt5241678;nm0769615;
tt0066393;nm0831720;
tt0066179;nm0336139;
tt0064615;nm0496746;
tt0063556;nm0280718;
tt0063341;nm0661577;
tt0062731;nm0002175;
tt0056801;nm0000019;
tt7089292;nm9103693;
tt2103266;nm0678014;
tt2103266;nm0789783;
tt0065610;nm0167195;
tt0061420;nm0490871;
tt0061169;nm0819806;
tt0060564;nm0819806;
tt0058091;nm0625680;
tt0043224;nm0545131;
tt0050422;nm0851537;
tt0066249;nm0000697;
tt0046374;nm0591486;
tt0046374;nm0718106;
tt0043743;nm0112218;
tt0029087;nm0275494;
tt0056412;nm0001603;
tt0053729;nm0091430;
tt0053220;nm0091430;
tt0053441;nm0091430;
tt0051437;nm0091430;
tt0050296;nm0091430;
tt0050963;nm0054374;
tt0051047;nm0091430;
tt0049745;nm0507390;
tt0049743;nm0091430;
tt0048289;nm0507390;
tt0048690;nm0782947;
tt0048535;nm0924065;
tt0048703;nm0401680;
tt0046801;nm0211964;
tt0115034;nm0035106;
tt27692488;nm0423388;
tt27692488;nm0000069;
tt19720240;nm0324137;
tt0087032;nm0624102;
tt0087032;nm0000835;
tt0080738;nm0404606;
tt0075876;nm0334353;
tt0065642;nm0447944;
tt0063210;nm0235066;
tt0062883;nm0235066;
tt0022971;nm0478441;
tt0022938;nm0782682;
tt0101329;nm0629216;
tt0101329;nm0920425;
tt0081190;nm0581303;
tt0081987;nm0359869;
tt0081987;nm0872482;
tt0325452;nm0568150;
tt0077890;nm0149548;
tt0077234;nm0935382;
tt0075213;nm0796923;
tt2891146;nm0342927;
tt0068680;nm0177034;
tt6973532;nm0479999;
tt0207156;nm0224683;
tt0109813;nm0505152;
tt0098418;nm0001676;
tt0096488;nm0001874;
tt0093755;nm0782381;
tt0092081;nm0765121;
tt0043224;nm0545131;
tt0041549;nm0908831;
tt0041923;nm0124877;
tt0041093;nm0908831;
tt0041662;nm0637790;
tt0040369;nm0000406;
tt0039892;nm0324013;
tt0039169;nm0718321;
tt0039472;nm0445033;
tt0037848;nm0908831;
tt0036940;nm0226189;
tt0036940;nm0002030;
tt0035068;nm0547446;
tt0033780;nm0118807;
tt0064211;nm0336139;
tt0058479;nm0624535;
tt0137449;nm0553077;
tt0057598;nm0001351;
tt0055728;nm0695937;
tt0046791;nm0425913;
tt0046949;nm0002031;
tt0046181;nm0670874;
tt0045039;nm0113284;
tt0045316;nm0869664;
tt0061735;nm0006452;
tt0057193;nm0006452;
tt0056085;nm0916139;
tt0056085;nm0310775;
tt0054805;nm0503777;
tt0051845;nm0000406;
tt0052027;nm0836328;
tt0052027;nm0003593;
tt0050307;nm0485943;
tt0049523;nm0229424;
tt0047849;nm0836328;
tt0046808;nm0229424;
tt0045471;nm0002030;
tt0045012;nm0002030;
tt0020727;nm0777579;
tt0072732;nm0382779;
tt0068103;nm0005131;
tt0071824;nm0836328;
tt0069834;nm0572132;
tt0062601;nm0938028;
tt0070825;nm0447944;
tt0068332;nm0091575;
tt0068421;nm0041932;
tt0066301;nm0001328;
tt0262030;nm0365346;
tt0065547;nm0572132;
tt0065150;nm0572132;
tt0065126;nm0368871;
tt0063060;nm0572132;
tt0063035;nm0446129;
tt0063035;nm0000078;
tt0063035;nm0503777;
tt0062472;nm0447944;
tt0061619;nm0001328;
tt0060218;nm0789520;
tt0059740;nm0368871;
tt0059309;nm0695937;
tt0059245;nm0828419;
tt0059245;nm0000180;
tt0059245;nm0624535;
tt0057007;nm0000406;
tt0056059;nm0001328;
tt0056217;nm0000406;
tt0054757;nm0002031;
tt0054757;nm0000078;
tt0054127;nm0368871;
tt0053580;nm0000078;
tt0052902;nm0000406;
tt0053221;nm0001328;
tt0051398;nm0001379;
tt0051757;nm0437900;
tt0050629;nm0368871;
tt0050562;nm0903049;
tt0051198;nm0000406;
tt0049730;nm0000406;
tt0049092;nm0694090;
tt0047889;nm0920074;
tt0047889;nm0000078;
tt0048593;nm0268513;
tt0047086;nm0920074;
tt0045883;nm0268513;
tt0045919;nm0920074;
tt0046463;nm0002031;
tt0044418;nm0524995;
tt0045061;nm0000406;
tt0043547;nm0712947;
tt0043887;nm0905729;
tt0042895;nm0000406;
tt0041841;nm0245385;
tt0041361;nm0905729;
tt0041866;nm0000406;
tt0040946;nm0524995;
tt0040064;nm0000406;
tt0040724;nm0001328;
tt0040724;nm0744504;
tt0039927;nm0908831;
tt0039152;nm0335455;
tt0039110;nm0503777;
tt0038160;nm0000406;
tt0038160;nm0599910;
tt0037627;nm0437356;
tt0037522;nm0229424;
tt0037702;nm0437356;
tt0037343;nm0547446;
tt0036824;nm0524995;
tt0036038;nm0736610;
tt0036092;nm0782682;
tt0035250;nm0202088;
tt0035195;nm0782597;
tt0034742;nm0588183;
tt0034889;nm0568915;
tt0035369;nm0258015;
tt0035244;nm0001124;
tt0033806;nm0419265;
tt0034182;nm0368871;
tt0033808;nm0615868;
tt0033871;nm0041678;
tt0033038;nm0307819;
tt0032728;nm0000406;
tt0033159;nm0615868;
tt0032383;nm0909825;
tt0031033;nm0782682;
tt0031718;nm0792450;
tt0032146;nm0792450;
tt0032032;nm0792450;
tt0031722;nm0792450;
tt0031971;nm0000406;
tt0030663;nm0792450;
tt0030714;nm0792450;
tt0030545;nm0792450;
tt0030550;nm0792450;
tt0028653;nm0059106;
tt0028554;nm0523893;
tt0029044;nm0523893;
tt0029034;nm0523893;
tt0028677;nm0523893;
tt0027462;nm0397227;
tt0028227;nm0833965;
tt0028510;nm0942611;
tt0027905;nm0437356;
tt0027849;nm0437356;
tt0027876;nm0437356;
tt0028068;nm0671501;
tt0026614;nm0102908;
tt0026774;nm0682744;
tt0027200;nm0102908;
tt0026846;nm0682744;
tt0026267;nm0102908;
tt0026273;nm0172485;
tt0026908;nm0102908;
tt0027087;nm0102908;
tt0024805;nm0292134;
tt0025373;nm0102908;
tt0025903;nm0102908;
tt0025830;nm0102908;
tt0025699;nm0292134;
tt0025455;nm0102908;
tt0024902;nm0102908;
tt0025969;nm0102908;
tt0025440;nm0102908;
tt0024516;nm0769585;
tt0023899;nm0920074;
tt0024500;nm0102908;
tt0024293;nm0942611;
tt0023775;nm0337586;
tt0024124;nm0926171;
tt0024257;nm0562845;
tt0024592;nm0942611;
tt0023878;nm0920074;
tt0023878;nm0337586;
tt0024663;nm0163786;
tt0024663;nm0769585;
tt0024647;nm0942862;
tt0022981;nm0942611;
tt0022981;nm0363414;
tt0022981;nm0411208;
tt0023576;nm0624756;
tt0022681;nm0942862;
tt0023396;nm0020522;
tt0023038;nm0569645;
tt0023038;nm0769585;
tt0023109;nm0731596;
tt0023631;nm0496505;
tt0023567;nm0496505;
tt0023456;nm0066247;
tt0023456;nm0247484;
tt0023415;nm0006943;
tt0023660;nm0194890;
tt0022109;nm0781292;
tt0021507;nm0003422;
tt0022293;nm0496505;
tt0022134;nm0782707;
tt0022479;nm0485647;
tt0021911;nm0271344;
tt0020691;nm0909825;
tt0020691;nm0517264;
tt0020759;nm0485647;
tt0021319;nm0259006;
tt0021319;nm0831577;
tt0020702;nm0000406;
tt0021140;nm0000406;
tt0019895;nm0166836;
tt0020359;nm0124877;
tt0020359;nm0000406;
tt0020604;nm0864006;
tt0019699;nm0000406;
tt0020438;nm0831577;
tt0020223;nm0002031;
tt0020223;nm0953123;
tt0018972;nm0000406;
tt0478641;nm0851537;
tt0018909;nm0000406;
tt0778043;nm0731596;
tt0017832;nm0916224;
tt0019182;nm0000406;
tt0017632;nm0731910;
tt0440338;nm0851537;
tt0016939;nm0782597;
tt0016627;nm0896542;
tt0016690;nm0176699;
tt4795124;nm0547800;
tt4738238;nm2121786;
tt3077060;nm0837406;
tt0393297;nm0202835;
tt0250494;nm0525659;
tt0255653;nm0728048;
tt0153737;nm0180462;
tt0118836;nm0005618;
tt29596750;nm0000080;
tt0289993;nm0000080;
tt0094007;nm0415617;
tt0085690;nm0535809;
tt0085690;nm0566671;
tt0092106;nm0793802;
tt0086577;nm0375469;
tt0085287;nm0415617;
tt0088134;nm0666999;
tt0951311;nm2529046;
tt0082122;nm0162343;
tt0087202;nm2416695;
tt0082517;nm0000316;
tt0085271;nm0874320;
tt0081758;nm0005196;
tt0081151;nm0336139;
tt0081032;nm0146062;
tt0079005;nm0109455;
tt0074295;nm0601800;
tt0073526;nm0001382;
tt0069681;nm0146062;
tt0064100;nm0005196;
tt0060818;nm0002137;
tt0219554;nm0229424;
tt2860100;nm0715669;
tt1381055;nm0494110;
tt0029737;nm0191899;
tt4566758;nm0138927;
tt10670442;nm0151066;
tt8499638;nm0521601;
tt4591310;nm1110912;
tt3125472;nm0955443;
tt1667150;nm0155201;
tt1092634;nm0405632;
tt0367959;nm0916424;
tt0473444;nm0955443;
tt0430357;nm0000520;
tt0397535;nm0551128;
tt15165236;nm0939182;
tt0343663;nm0000774;
tt0343663;nm0001752;
tt0343663;nm0939182;
tt0212712;nm0939182;
tt0354243;nm0839008;
tt0083996;nm0320833;
tt0083109;nm0320833;
tt0078813;nm0000086;
tt0078813;nm0320833;
tt0079200;nm0320833;
tt0078528;nm0956022;
tt0074103;nm0956022;
tt0069747;nm0653620;
tt0067108;nm0653620;
tt0067274;nm0320833;
tt0066423;nm0466047;
tt0065769;nm0320833;
tt0065848;nm0466047;
tt0064425;nm0596850;
tt0063005;nm0320833;
tt0063674;nm0478800;
tt16986382;nm2446972;
tt12028944;nm5732304;
tt8664988;nm4914661;
tt7529350;nm0515360;
tt7039208;nm0465372;
tt7342838;nm1970598;
tt5847740;nm2204054;
tt2984034;nm5732304;
tt2156825;nm3538867;
tt4023538;nm0260599;
tt16347974;nm13188222;
tt0160403;nm0450387;
tt0117053;nm0016378;
tt0117318;nm0001232;
tt0116420;nm0775512;
tt0109227;nm0205157;
tt0221977;nm1010398;
tt0101481;nm0766020;
tt2101383;nm0000517;
tt1266567;nm0477933;
tt0808151;nm0000165;
tt0963178;nm0878756;
tt1058601;nm0107048;
tt0432314;nm0120729;
tt0765443;nm0000343;
tt0484434;nm0903137;
tt0472126;nm0303032;
tt0469711;nm0000090;
tt0329030;nm0806450;
tt0388441;nm0514247;
tt0284717;nm0652860;
tt0148669;nm0000091;
tt14549270;nm0000591;
tt8619854;nm1543910;
tt8417168;nm1093728;
tt15367558;nm0001705;
tt15367558;nm9776000;
tt2397461;nm0065608;
tt13103340;nm0205169;
tt13103340;nm0553662;
tt8560172;nm0614195;
tt4426464;nm0005616;
tt5277030;nm0512180;
tt4177856;nm4488703;
tt4086018;nm1093728;
tt8017160;nm6953543;
tt7531496;nm7139913;
tt10640346;nm3227090;
tt12593682;nm0500610;
tt13320622;nm1887480;
tt13320622;nm1519639;
tt14067406;nm0240211;
tt2935510;nm0336695;
tt7131622;nm0000233;
tt5463162;nm0500610;
tt4758646;nm2391575;
tt3640424;nm0000709;
tt6024606;nm0000517;
tt1596363;nm0570912;
tt3707106;nm0001401;
tt4016250;nm0000217;
tt2713180;nm0043742;
tt4354616;nm0000095;
tt4513674;nm0000095;
tt2258345;nm0001806;
tt1859650;nm0000095;
tt1885331;nm1523943;
tt0457513;nm0000095;
tt0313792;nm0000095;
tt0309785;nm0002520;
tt0278823;nm0000095;
tt0256524;nm0000095;
tt28198059;nm0000095;
tt0192455;nm0000778;
tt0196216;nm0000095;
tt0177650;nm0039468;
tt0177650;nm0569790;
tt0158371;nm0000095;
tt11068094;nm0286975;
tt14138650;nm0178376;
tt11332850;nm4570900;
tt11332850;nm3170529;
tt9652730;nm0396994;
tt9652730;nm0926911;
tt8368394;nm1177494;
tt6290798;nm1435316;
tt6663582;nm2573005;
tt1869347;nm0660707;
tt4977530;nm0149446;
tt13092974;nm10300151;
tt8523334;nm3743617;
tt7296862;nm9228281;
tt1469304;nm1164861;
tt5788136;nm0290556;
tt5788136;nm2408871;
tt5637594;nm0157828;
tt5637594;nm1274427;
tt15857634;nm2692695;
tt15857634;nm10599895;
tt4254562;nm0514879;
tt4696764;nm3078571;
tt4393278;nm3550361;
tt7696176;nm1803279;
tt15255288;nm1275670;
tt1618434;nm1760830;
tt4878482;nm0281945;
tt14279324;nm0009190;
tt3739110;nm1633043;
tt1711525;nm0330347;
tt1711525;nm0817447;
tt4624424;nm0831557;
tt4624424;nm0842339;
tt4824302;nm0005190;
tt2170439;nm1890845;
tt3442006;nm1400426;
tt1767372;nm0000953;
tt1663207;nm1633080;
tt6628922;nm0000099;
tt4180560;nm0161330;
tt1979376;nm2155757;
tt5933560;nm0123353;
tt3059816;nm0762191;
tt4679082;nm4311206;
tt13306120;nm2718527;
tt9337464;nm0000100;
tt9861332;nm0001565;
tt9859400;nm2517301;
tt6921996;nm1256143;
tt6582384;nm0193485;
tt6582384;nm1475971;
tt6421362;nm8706781;
tt3017158;nm0193485;
tt2305700;nm0000965;
tt1634122;nm0662529;
tt21431644;nm0503259;
tt21033386;nm0000101;
tt21033386;nm0000601;
tt21033386;nm6038984;
tt4513678;nm0718646;
tt7730276;nm9477398;
tt1289401;nm0082450;
tt13160504;nm0000101;
tt13160504;nm0004852;
tt2120120;nm0001060;
tt4585718;nm2663618;
tt4585718;nm1480681;
tt4585718;nm9248651;
tt2473602;nm0853238;
tt2103254;nm1229520;
tt3205134;nm3708936;
tt12747748;nm1322753;
tt1633359;nm0086301;
tt13623136;nm0348181;
tt13075730;nm1017470;
tt14502344;nm0517589;
tt6317762;nm0001718;
tt10684644;nm0658409;
tt8201852;nm0462895;
tt10959932;nm2338672;
tt5226220;nm0622112;
tt8205176;nm0000102;
tt5886510;nm2021516;
tt4685762;nm1830380;
tt7284202;nm0643423;
tt3663718;nm0359428;
tt2486862;nm2038876;
tt1961279;nm1161467;
tt1294212;nm1502072;
tt1095217;nm0001348;
tt1187042;nm1275939;
tt0870122;nm1909266;
tt0870122;nm1676581;
tt0759639;nm0000915;
tt0430768;nm1502072;
tt13848804;nm2946490;
tt1462764;nm0003506;
tt3915174;nm3150455;
tt3915174;nm2591093;
tt14857730;nm5827815;
tt15438542;nm0444870;
tt1464335;nm0281508;
tt11700260;nm1286935;
tt11700260;nm1287124;
tt8385148;nm0400850;
tt6673612;nm0300866;
tt5865326;nm0001752;
tt10916366;nm1890673;
tt10916366;nm1137950;
tt8291806;nm0000264;
tt5989218;nm1557594;
tt5629524;nm7204868;
tt5629524;nm4209533;
tt15399898;nm7052672;
tt15399898;nm10115435;
tt8545540;nm1937470;
tt23488824;nm3285470;
tt15939888;nm7163402;
tt11525390;nm4899218;
tt13071908;nm1713427;
tt5532280;nm1603187;
tt5532280;nm1580178;
tt11122096;nm0101453;
tt7411120;nm4039062;
tt7326168;nm0791296;
tt23673824;nm5288323;
tt11245972;nm2366012;
tt11245972;nm2419470;
tt13070602;nm0005116;
tt7970348;nm0044803;
tt14316354;nm3871585;
tt2245003;nm0362566;
tt1086772;nm0178997;
tt1430615;nm0477129;
tt24515412;nm1654861;
tt10002230;nm4217706;
tt4477536;nm0001226;
tt4465564;nm0001226;
tt3799694;nm0000948;
tt3004746;nm0605186;
tt2217895;nm3465831;
tt1661382;nm0781842;
tt2343793;nm0353673;
tt2147225;nm1922660;
tt1438254;nm0824882;
tt0865554;nm0429963;
tt0887971;nm1848205;
tt1068641;nm0037247;
tt10968040;nm0213100;
tt0337851;nm0777209;
tt0259333;nm0096332;
tt0210257;nm0764776;
tt0169347;nm0831546;
tt0130036;nm0070474;
tt0150176;nm0123353;
tt0164211;nm0171619;
tt0131857;nm0001878;
tt0119271;nm0371462;
tt22687790;nm0000110;
tt15398776;nm0634240;
tt7657566;nm0000110;
tt8354218;nm1639292;
tt8354218;nm1552771;
tt6723592;nm0634240;
tt11126248;nm11440614;
tt11126248;nm0000110;
tt11126248;nm11026855;
tt9206798;nm0000110;
tt4154756;nm0751577;
tt4154756;nm0751648;
tt3402236;nm0000110;
tt5013056;nm0634240;
tt6235396;nm0038936;
tt6235396;nm0139081;
tt4799064;nm1088485;
tt15671028;nm1969144;
tt8633560;nm4724102;
tt4712086;nm2020359;
tt4712086;nm2004866;
tt6428676;nm0113477;
tt7117594;nm4027837;
tt6881890;nm0255081;
tt6881890;nm1541136;
tt12404266;nm0516384;
tt6722400;nm0637518;
tt11274492;nm2634746;
tt6443346;nm1429471;
tt2328678;nm0573732;
tt10155932;nm0134224;
tt10096842;nm0497563;
tt4876134;nm0001317;
tt10841088;nm0124900;
tt10841088;nm0742125;
tt8580274;nm0229694;
tt5254610;nm1470993;
tt6911608;nm0662530;
tt9307284;nm0375753;
tt9307284;nm1924367;
tt5616294;nm0435030;
tt11233960;nm3519173;
tt2737304;nm0081540;
tt5164214;nm0002657;
tt1018765;nm0337773;
tt2293640;nm0049633;
tt2293640;nm1853544;
tt3277552;nm0190861;
tt1454468;nm0190859;
tt2404463;nm0082450;
tt0477302;nm0197636;
tt0878804;nm0359387;
tt0881891;nm1288766;
tt1041829;nm0281945;
tt0477071;nm0946327;
tt29794469;nm11149796;
tt15351980;nm0850774;
tt28363295;nm0038432;
tt11702252;nm6563385;
tt9848626;nm0238757;
tt9848626;nm5844211;
tt10682266;nm0109359;
tt9686708;nm0031976;
tt14827638;nm2303666;
tt21942866;nm5589501;
tt21991654;nm2113089;
tt0439572;nm0615592;
tt11358390;nm0003021;
tt8593824;nm0233078;
tt1462759;nm2126907;
tt11291274;nm3230448;
tt11003218;nm3968825;
tt8114980;nm0507425;
tt6372694;nm0814469;
tt2850386;nm3150455;
tt9624766;nm0517768;
tt8380776;nm0132120;
tt7394816;nm0694249;
tt6473066;nm1682573;
tt3689484;nm1585729;
tt6186940;nm0178997;
tt5758778;nm1098493;
tt2016335;nm1457361;
tt2234451;nm0350455;
tt22262600;nm2448824;
tt11952606;nm0151540;
tt3465026;nm0388594;
tt7615722;nm2846368;
tt2833580;nm0004760;
tt4586626;nm0001092;
tt5161096;nm7082627;
tt5161096;nm3834108;
tt19381966;nm5049133;
tt19381966;nm9527795;
tt12412888;nm1733778;
tt18309940;nm3563777;
tt3794354;nm1733778;
tt1901024;nm3189793;
tt4334266;nm3235877;
tt2096672;nm0125803;
tt2096672;nm0268380;
tt5348924;nm3653190;
tt1229340;nm0570912;
tt1650554;nm0905592;
tt2801056;nm0179880;
tt2801056;nm3156345;
tt0790628;nm0769135;
tt0254099;nm0001086;
tt0254099;nm0000492;
tt0110892;nm0042472;
tt0106447;nm0825790;
tt0101775;nm0429517;
tt0220606;nm0957407;
tt0099700;nm0001102;
tt0099700;nm0005062;
tt0099819;nm0001410;
tt0097490;nm0203429;
tt0098300;nm0057733;
tt0094799;nm0108745;
tt0092834;nm0572951;
tt0089453;nm0355032;
tt0087363;nm0001102;
tt0061523;nm0000122;
tt0050598;nm0000122;
tt0044837;nm0000122;
tt0039631;nm0000122;
tt0032553;nm0000122;
tt0027977;nm0000122;
tt0021749;nm0000122;
tt0019379;nm0896542;
tt0018773;nm0000122;
tt0929410;nm0059233;
tt0015864;nm0000122;
tt0014624;nm0000122;
tt0014137;nm0190516;
tt0014497;nm0400912;
tt0014358;nm0000122;
tt14109724;nm0662530;
tt10539608;nm0000123;
tt2241351;nm0000149;
tt0475290;nm0001053;
tt0475290;nm0001054;
tt1964418;nm0083348;
tt2177771;nm0000123;
tt2290075;nm0001661;
tt1033575;nm0668247;
tt1124035;nm0000123;
tt1440728;nm0179221;
tt0432283;nm0027572;
tt1234548;nm0381416;
tt21221240;nm2129444;
tt1745960;nm2676052;
tt0437086;nm0001675;
tt3829920;nm2676052;
tt2250912;nm1218281;
tt0376479;nm0000191;
tt3136112;nm0079273;
tt1959490;nm0004716;
tt2494384;nm2013191;
tt1837709;nm0326040;
tt2205697;nm1837748;
tt1251743;nm0711807;
tt1578275;nm0000165;
tt1440379;nm0085257;
tt0851471;nm2372334;
tt1105769;nm1961302;
tt0455566;nm0270761;
tt0455566;nm0001220;
tt0455566;nm1622375;
tt0311429;nm0635759;
tt0181536;nm0001814;
tt0137494;nm0000750;
tt0145734;nm0141033;
tt0118661;nm0154819;
tt0117500;nm0000881;
tt0113071;nm0958387;
tt0113501;nm0322865;
tt0109920;nm0000915;
tt0107969;nm0442241;
tt12361974;nm0811583;
tt9340860;nm0080120;
tt1478839;nm0193508;
tt1860242;nm0359387;
tt4209788;nm0815070;
tt4846340;nm0577647;
tt3014866;nm1033517;
tt2975590;nm0811583;
tt5034074;nm0124112;
tt2097298;nm0138927;
tt2883434;nm0082802;
tt2223990;nm0718645;
tt2172934;nm0629334;
tt1205537;nm0000110;
tt13375076;nm1170339;
tt14714980;nm0000128;
tt10268488;nm0268380;
tt4471908;nm5056682;
tt10648342;nm0169806;
tt10059518;nm0097517;
tt4844140;nm0997291;
tt7008872;nm0249291;
tt7895824;nm4479803;
tt2345759;nm0476064;
tt27425296;nm2059871;
tt9603212;nm0003160;
tt13640382;nm0670408;
tt4912910;nm0003160;
tt3532216;nm0510731;
tt3393786;nm0001880;
tt2381249;nm0003160;
tt1631867;nm0510731;
tt1483013;nm2676052;
tt0790724;nm0003160;
tt1336608;nm0788202;
tt1229238;nm0083348;
tt1013743;nm0003506;
tt0985699;nm0001741;
tt28514922;nm8435169;
tt1695843;nm2282177;
tt10665342;nm0337773;
tt6710474;nm3453283;
tt6710474;nm3215397;
tt10665338;nm0337773;
tt6326182;nm2583140;
tt8946378;nm0426059;
tt7049542;nm0152640;
tt1502407;nm0337773;
tt3233418;nm0573732;
tt15106860;nm2815884;
tt1158939;nm2830839;
tt5843780;nm5090040;
tt6143850;nm0455203;
tt7312940;nm4134911;
tt3758852;nm1031246;
tt5580536;nm1921345;
tt0775440;nm0931095;
tt4594834;nm0000490;
tt2637294;nm0684336;
tt3672840;nm0496752;
tt3520668;nm3859706;
tt3520668;nm0255473;
tt3202890;nm0924429;
tt0903657;nm0688361;
tt6884200;nm1036574;
tt5805752;nm5050824;
tt1906329;nm0562470;
tt28685746;nm1939994;
tt1278469;nm0413875;
tt1175506;nm0000500;
tt0473356;nm0490487;
tt0486655;nm0891216;
tt0765447;nm0005759;
tt20601972;nm0241399;
tt8784956;nm0853238;
tt6231586;nm2344535;
tt5030452;nm1319591;
tt4978710;nm0021899;
tt2507238;nm0484840;
tt3398268;nm0948488;
tt2750524;nm0002041;
tt2294677;nm1128572;
tt20315818;nm0001282;
tt8373206;nm2884474;
tt5537002;nm0000217;
tt13055982;nm0256542;
tt10304142;nm0751102;
tt5420210;nm0303032;
tt13160412;nm0583600;
tt4532038;nm0384722;
tt1302006;nm0000217;
tt7286456;nm0680846;
tt1933667;nm0001469;
tt1967614;nm0000431;
tt1781827;nm1189755;
tt1860213;nm0563243;
tt2446980;nm0751102;
tt3276924;nm1470993;
tt5227516;nm2346254;
tt2361509;nm0583600;
tt10908058;nm0000217;
tt2212008;nm4333222;
tt1800241;nm0751102;
tt1204975;nm0005509;
tt2404311;nm0000108;
tt1480295;nm0425756;
tt1931435;nm0951698;
tt1045658;nm0751102;
tt1815708;nm0855843;
tt0455323;nm0919369;
tt1748179;nm0181579;
tt1598822;nm0005190;
tt1448755;nm1834213;
tt1219289;nm1139726;
tt1712187;nm0894787;
tt0970866;nm0919369;
tt1423995;nm0192845;
tt0985694;nm0542450;
tt0985694;nm0001675;
tt0780511;nm0428600;
tt1034331;nm0000816;
tt0486674;nm0001469;
tt3492560;nm0973425;
tt0343737;nm0000134;
tt0344854;nm0000108;
tt5091774;nm0074426;
tt5091774;nm0421776;
tt5091774;nm1224299;
tt0382077;nm0689852;
tt0356443;nm0570082;
tt0290002;nm0005366;
tt0307453;nm0074426;
tt0307453;nm0421776;
tt0307453;nm1224299;
tt0335121;nm1170765;
tt0335121;nm0358327;
tt27641930;nm0000345;
tt27641930;nm0000134;
tt27641930;nm0001435;
tt0289848;nm0000601;
tt0269095;nm0001994;
tt0284490;nm0223359;
tt12032604;nm0005366;
tt26776770;nm0531792;
tt26776770;nm0834338;
tt26776770;nm0916139;
tt0179626;nm0381273;
tt0212338;nm0005366;
tt0203019;nm0863387;
tt0131704;nm0005197;
tt0155711;nm0001708;
tt27633358;nm0000345;
tt27633358;nm0000134;
tt0122933;nm0000601;
tt0122690;nm0001239;
tt0119223;nm0190859;
tt0120885;nm0001469;
tt0119396;nm0000233;
tt0118887;nm0003506;
tt0116999;nm0952360;
tt0117665;nm0001469;
tt0116277;nm0001716;
tt0113277;nm0000520;
tt0112641;nm0000217;
tt0109836;nm0000110;
tt0106489;nm0000134;
tt0108330;nm0001994;
tt0107473;nm0573796;
tt0105001;nm0005563;
tt0104892;nm0697587;
tt0101393;nm0000165;
tt0101984;nm0005563;
tt0099077;nm0001508;
tt0099685;nm0000217;
tt0100680;nm0728688;
tt0098625;nm0001403;
tt0097607;nm0427880;
tt0095631;nm0000976;
tt0092851;nm0184323;
tt0094226;nm0000361;
tt0092563;nm0000570;
tt0091530;nm0423646;
tt0088846;nm0000416;
tt0087233;nm0343260;
tt0087843;nm0001466;
tt0085794;nm0000217;
tt0083232;nm0343260;
tt0081398;nm0000217;
tt0077416;nm0001047;
tt0076451;nm0000217;
tt0074777;nm0001415;
tt0074084;nm0000934;
tt0075314;nm0000217;
tt0071562;nm0000338;
tt0070379;nm0000217;
tt0069765;nm0359386;
tt0067124;nm0326360;
tt0066856;nm0664852;
tt0067266;nm0085457;
tt0065836;nm0000361;
tt0065481;nm0000339;
tt0064924;nm4362797;
tt0065198;nm0000361;
tt0065198;nm0494879;
tt0065198;nm0613187;
tt0063036;nm0000361;
tt0063154;nm0138893;
tt2141713;nm0149755;
tt0179492;nm0138893;
tt0145455;nm1665918;
tt0145455;nm1680258;
tt0127350;nm0167396;
tt0095306;nm0206560;
tt0093046;nm0852676;
tt0090839;nm0696309;
tt0093027;nm0091854;
tt0076489;nm0005348;
tt21108466;nm0000135;
tt24855120;nm3473876;
tt17277414;nm0494069;
tt21391206;nm1292385;
tt12874990;nm13085063;
tt12874990;nm0000136;
tt9179096;nm0506165;
tt6149154;nm1458734;
tt2677722;nm1026778;
tt4123430;nm0946734;
tt6865690;nm7214191;
tt1273221;nm3810122;
tt8925680;nm6760525;
tt2296777;nm0828970;
tt7634200;nm0950817;
tt15386860;nm1730037;
tt10302982;nm0573732;
tt11961700;nm2021516;
tt8031422;nm0003116;
tt1971310;nm1068905;
tt3396114;nm0523323;
tt3899796;nm0003116;
tt1506998;nm2677942;
tt1954931;nm0471862;
tt0402114;nm0324426;
tt11286314;nm0570912;
tt10199110;nm5266022;
tt10199110;nm3175117;
tt1663202;nm0327944;
tt0993846;nm0000217;
tt1343092;nm0525303;
tt15739482;nm0000116;
tt1853728;nm0000233;
tt1616195;nm0000142;
tt1790736;nm1053991;
tt1375666;nm0634240;
tt1130884;nm0000217;
tt0959337;nm0005222;
tt0758774;nm0000631;
tt0450259;nm0001880;
tt0407887;nm0000217;
tt0338751;nm0000217;
tt0264464;nm0000229;
tt0217505;nm0000217;
tt0119004;nm0730222;
tt0163978;nm0000965;
tt0120533;nm0000095;
tt0120744;nm0908824;
tt0120338;nm0000116;
tt0117509;nm0525303;
tt0114702;nm0002140;
tt0114214;nm0000600;
tt0112461;nm0436284;
tt0109820;nm0371852;
tt0108550;nm0002120;
tt0105156;nm0002240;
tt0101627;nm0677253;
tt10257288;nm10654780;
tt1823664;nm0323239;
tt1956620;nm0440458;
tt2203939;nm0001024;
tt2193215;nm0000631;
tt0404978;nm0001355;
tt1979172;nm0427580;
tt1979172;nm2461935;
tt1979172;nm1507245;
tt1586265;nm0428600;
tt1284575;nm0440458;
tt0990407;nm0327273;
tt9583666;nm0230666;
tt1830577;nm0230666;
tt1830577;nm0401203;
tt1725156;nm0873779;
tt1725156;nm0401203;
tt10954600;nm0715636;
tt4154796;nm0751577;
tt4154796;nm0751648;
tt7946836;nm5181204;
tt5095030;nm0715636;
tt1734493;nm0000776;
tt0478970;nm0715636;
tt2911668;nm1515266;
tt2465146;nm0001661;
tt1291580;nm0001752;
tt1506999;nm0001752;
tt19890316;nm0000212;
tt14145436;nm5170222;
tt20216624;nm0000141;
tt14826022;nm1244069;
tt16302202;nm1918877;
tt13610562;nm0031976;
tt1924245;nm0000142;
tt7959026;nm0000142;
tt2179136;nm0000142;
tt2083383;nm0520749;
tt1205489;nm0000142;
tt0405159;nm0000142;
tt0309377;nm0000142;
tt0186566;nm0000142;
tt0139668;nm0000142;
tt0118548;nm0000142;
tt0112579;nm0000142;
tt0112642;nm0797869;
tt0107808;nm0000142;
tt0107206;nm0000583;
tt0105695;nm0000142;
tt0100514;nm0000142;
tt0100928;nm0000142;
tt0098097;nm0887174;
tt0094963;nm0887174;
tt0091187;nm0000142;
tt0089767;nm0000142;
tt0087062;nm0000907;
tt0088272;nm0876227;
tt0088272;nm0000142;
tt0086383;nm0000142;
tt0084088;nm0000142;
tt0083943;nm0000142;
tt0080377;nm0887174;
tt0080472;nm0000142;
tt0079116;nm0796923;
tt0077523;nm0267309;
tt0076070;nm0000142;
tt0074483;nm0267309;
tt0075029;nm0000142;
tt0072926;nm0000142;
tt0072288;nm0001047;
tt0070355;nm0692872;
tt0068699;nm0000142;
tt0068768;nm0836328;
tt0066999;nm0796923;
tt0066999;nm0000142;
tt0067588;nm0000142;
tt0066819;nm0796923;
tt0065134;nm0796923;
tt0065938;nm0404606;
tt0064782;nm0517597;
tt0065207;nm0404606;
tt0062824;nm0796923;
tt0061747;nm0692872;
tt0060196;nm0001466;
tt0059578;nm0001466;
tt0058461;nm0001466;
tt0051840;nm0920074;
tt0051349;nm0178578;
tt0250167;nm0303227;
tt0050363;nm0523893;
tt0048971;nm0678928;
tt0049212;nm0523893;
tt0049793;nm0351918;
tt0049547;nm0394409;
tt0049547;nm0802862;
tt0048696;nm0000791;
tt0048279;nm0523893;
tt0048092;nm0523893;
tt0048554;nm0000791;
tt7755354;nm1067844;
tt3229488;nm0456239;
tt2657648;nm0777435;
tt2141833;nm0234139;
tt2201034;nm1451137;
tt1551615;nm0777435;
tt0451998;nm0498108;
tt0434931;nm0259821;
tt0377607;nm0928691;
tt0367677;nm0740213;
tt0388977;nm1212040;
tt0396514;nm0003229;
tt0362820;nm0457048;
tt2365971;nm0346841;
tt21867434;nm4798740;
tt7985704;nm0005363;
tt7520568;nm4698553;
tt14061008;nm0447312;
tt4135418;nm2820986;
tt4135418;nm2576542;
tt9419056;nm0818746;
tt10339052;nm1174084;
tt10481868;nm3046419;
tt1099209;nm1770839;
tt15046476;nm2359381;
tt7079272;nm6766189;
tt11388604;nm1770839;
tt3062558;nm0173207;
tt13591658;nm8180364;
tt8332454;nm2875023;
tt27196883;nm4671384;
tt5559292;nm1770839;
tt28912885;nm0027572;
tt28912858;nm0027572;
tt28912758;nm0027572;
tt16968450;nm0027572;
tt22033936;nm0405336;
tt9764362;nm0617042;
tt6856242;nm0891216;
tt16088340;nm0002376;
tt2382320;nm1560977;
tt3696180;nm0567620;
tt3661210;nm1404307;
tt1984135;nm2516405;
tt3513498;nm0593610;
tt5431890;nm0004303;
tt14402146;nm0005222;
tt1879016;nm0006960;
tt12229370;nm0404067;
tt11169050;nm2982240;
tt2702920;nm0612720;
tt8579674;nm0005222;
tt5028340;nm0551128;
tt4951982;nm0899121;
tt3319730;nm1016428;
tt2404639;nm0000391;
tt4649466;nm0891216;
tt1473832;nm0536632;
tt7504726;nm0761498;
tt2527338;nm0009190;
tt5113040;nm0719208;
tt5113040;nm3646390;
tt1856101;nm0898288;
tt5430544;nm3798229;
tt5430544;nm5059335;
tt5430544;nm3030667;
tt2488496;nm0009190;
tt1655441;nm1767218;
tt5786876;nm1676090;
tt5786876;nm4534042;
tt2333784;nm0400850;
tt1731141;nm0004303;
tt1413495;nm0525659;
tt0453562;nm0001338;
tt8933914;nm0000184;
tt8925010;nm0549658;
tt0409847;nm0269463;
tt1126618;nm0585011;
tt1244659;nm0891114;
tt0924129;nm0469694;
tt0367882;nm0000229;
tt0408345;nm0518644;
tt0430754;nm1747821;
tt0329717;nm0005421;
tt0267626;nm0000941;
tt0161081;nm0000709;
tt0156934;nm0001628;
tt0120828;nm0718645;
tt0118571;nm0000583;
tt0118972;nm0001587;
tt0114319;nm0001628;
tt0764648;nm0549820;
tt0109444;nm0637518;
tt0110197;nm0001469;
tt0106977;nm0001112;
tt0105112;nm0637518;
tt0102768;nm0001566;
tt0100404;nm0001587;
tt0097576;nm0000229;
tt0096463;nm0001566;
tt0095174;nm0000591;
tt0091557;nm0001837;
tt0090329;nm0001837;
tt0087469;nm0000229;
tt0083658;nm0000631;
tt0082971;nm0000229;
tt0080684;nm0449984;
tt0079576;nm0636165;
tt0079180;nm0000736;
tt0079268;nm0001382;
tt15311622;nm0010128;
tt0193524;nm0004596;
tt0193524;nm0010128;
tt0077572;nm0357891;
tt0076138;nm0434571;
tt0076759;nm0000184;
tt0076563;nm0861679;
tt0074709;nm0680097;
tt0145012;nm0006452;
tt0071360;nm0000338;
tt0069704;nm0000184;
tt0065896;nm0334353;
tt0065775;nm0750701;
tt0066601;nm0000774;
tt0063933;nm0324578;
tt0063933;nm0730850;
tt0063933;nm0240417;
tt0063161;nm0355032;
tt0055710;nm0912766;
tt0062373;nm0439597;
tt0062373;nm0000339;
tt0061927;nm0232795;
tt0060287;nm0320637;
tt5302918;nm3011011;
tt5302918;nm1888091;
tt4761112;nm0531817;
tt5834262;nm1510800;
tt7801978;nm2687495;
tt1535108;nm0088955;
tt1692486;nm0000591;
tt1321860;nm0000149;
tt1220220;nm0225869;
tt0410377;nm0280814;
tt0410377;nm0505662;
tt0476964;nm0001403;
tt0454848;nm0000490;
tt0408790;nm0777881;
tt0344510;nm0000466;
tt0258000;nm0000399;
tt6791350;nm0348181;
tt6718170;nm3821363;
tt21860316;nm2219807;
tt8041270;nm1119880;
tt9777666;nm0003021;
tt13976074;nm4043618;
tt13976074;nm0695435;
tt7146812;nm0768959;
tt11570434;nm1632389;
tt11570434;nm11646878;
tt11570434;nm11656878;
tt4975920;nm0000352;
tt4881806;nm1291105;
tt10800876;nm3290210;
tt10800876;nm3965748;
tt7131308;nm0946521;
tt3896198;nm0348181;
tt1355644;nm0878763;
tt2404435;nm0298807;
tt3614530;nm0160840;
tt4528890;nm2095224;
tt0369610;nm1119880;
tt4311010;nm4417264;
tt2015381;nm0348181;
tt1490017;nm0520488;
tt1490017;nm0588087;
tt3502544;nm0175726;
tt3502544;nm0226181;
tt3502544;nm1860920;
tt2387559;nm0779433;
tt1798709;nm0005069;
tt2611482;nm4900923;
tt1790885;nm0000941;
tt1195478;nm0831557;
tt2203947;nm0264915;
tt2203947;nm1020599;
tt2138881;nm0695435;
tt2138881;nm2201555;
tt2138881;nm0688132;
tt0770703;nm0617042;
tt1715873;nm1956691;
tt1210166;nm0587955;
tt0810922;nm0236226;
tt4462324;nm0809006;
tt1131734;nm0476201;
tt1078885;nm0287147;
tt0901476;nm0935095;
tt0493464;nm0067457;
tt0800268;nm0825356;
tt0462601;nm0020821;
tt0420225;nm0299122;
tt0369994;nm0227576;
tt0295249;nm0508883;
tt0242399;nm0001044;
tt10676048;nm4804442;
tt11908172;nm0660098;
tt4428398;nm0047193;
tt4428398;nm0462988;
tt4428398;nm0591450;
tt6079772;nm0132709;
tt10342730;nm1135423;
tt13567480;nm2667446;
tt13567480;nm3634291;
tt14084160;nm1519252;
tt6285944;nm1079776;
tt5112584;nm0475578;
tt5822848;nm0135296;
tt5822848;nm1415699;
tt26714897;nm2130235;
tt11210390;nm0133899;
tt21871920;nm5902145;
tt14622802;nm0221611;
tt15440966;nm3367478;
tt15440966;nm7365505;
tt5806814;nm3626004;
tt5806814;nm2908199;
tt6217926;nm0136021;
tt13539094;nm0719307;
tt8201404;nm0133899;
tt7534096;nm1141338;
tt7379680;nm9276226;
tt5535276;nm0177896;
tt2906216;nm0197855;
tt2906216;nm0326246;
tt7740496;nm0868219;
tt11271038;nm0000759;
tt1517451;nm0177896;
tt2005151;nm0680846;
tt27793374;nm3984627;
tt5433140;nm0504642;
tt13673396;nm1710168;
tt13673396;nm5084018;
tt5433138;nm0510912;
tt11468188;nm3821020;
tt1634106;nm1702145;
tt5848272;nm1601882;
tt5848272;nm0601781;
tt27930974;nm0085312;
tt27930974;nm0309307;
tt27930974;nm1627732;
tt27736843;nm6600275;
tt27736843;nm3488144;
tt27469041;nm9420496;
tt20724032;nm1569897;
tt17076046;nm1926903;
tt21054464;nm0085312;
tt21054464;nm0309307;
tt21054464;nm1627732;
tt7978758;nm0000500;
tt5337160;nm0769796;
tt10353588;nm5939695;
tt1630029;nm0000116;
tt2463208;nm0506613;
tt6338498;nm0210320;
tt6338498;nm2859976;
tt8976576;nm1444412;
tt11595634;nm1543747;
tt11265752;nm4826506;
tt11198810;nm0775056;
tt3045616;nm0462895;
tt1300854;nm0000948;
tt1932718;nm0089742;
tt2461172;nm0004937;
tt3498820;nm0751577;
tt3498820;nm0751648;
tt2395427;nm0923736;
tt1872194;nm0229694;
tt2883512;nm0269463;
tt0848228;nm0923736;
tt1515091;nm0005363;
tt1231583;nm0680846;
tt27704325;nm0110300;
tt14250484;nm0271246;
tt14250484;nm0300944;
tt17569526;nm4224294;
tt13002242;nm0133899;
tt10545470;nm4922817;
tt9172422;nm1267707;
tt20895888;nm2016916;
tt4725842;nm1618621;
tt6451260;nm0029762;
tt7250056;nm0000801;
tt7476116;nm0500976;
tt6293032;nm0137228;
tt5351818;nm0133899;
tt5078354;nm0860019;
tt14309446;nm0357453;
tt14439896;nm6793979;
tt6654210;nm0298807;
tt14696048;nm9587343;
tt14696048;nm4042952;
tt4651466;nm3232264;
tt3152592;nm0148999;
tt8629748;nm0000916;
tt7401588;nm1890845;
tt4560436;nm0000916;
tt5294550;nm0000631;
tt5657846;nm1890845;
tt3371366;nm0000881;
tt4572514;nm0000916;
tt17024450;nm0298807;
tt10095582;nm0001054;
tt10016180;nm0359387;
tt3766354;nm0298807;
tt6000478;nm0319659;
tt2671706;nm0000243;
tt0455944;nm0298807;
tt1272878;nm0466349;
tt1907668;nm0000709;
tt1599348;nm1174251;
tt0477080;nm0001716;
tt1037705;nm0400436;
tt1037705;nm0400441;
tt1111422;nm0001716;
tt0427309;nm0000243;
tt15342244;nm0001707;
tt7461272;nm0619507;
tt3104956;nm0285379;
tt3104956;nm0938645;
tt14393734;nm0243837;
tt2222052;nm0265852;
tt1727770;nm0001402;
tt2692250;nm0506613;
tt0910885;nm0788426;
tt1294970;nm0004675;
tt2624412;nm1996918;
tt1839642;nm1242062;
tt1327773;nm0200005;
tt1402488;nm0004306;
tt1402488;nm0248495;
tt1402488;nm1668276;
tt0976238;nm0065608;
tt14555174;nm1897760;
tt22394702;nm4864836;
tt22394694;nm4864836;
tt14656632;nm0751080;
tt21435436;nm4864836;
tt16527290;nm1760759;
tt15837458;nm1230733;
tt14686544;nm0425364;
tt14849038;nm1714788;
tt15391770;nm2846368;
tt14577304;nm0973835;
tt14412366;nm5090040;
tt14174168;nm4864836;
tt13496236;nm4864836;
tt14577300;nm4097598;
tt4595186;nm0054954;
tt20217988;nm13655837;
tt7737640;nm0853238;
tt12281808;nm4025993;
tt12281808;nm3636973;
tt12281808;nm4538446;
tt10344522;nm0006554;
tt6359956;nm0524190;
tt6359956;nm0601859;
tt4651520;nm0524190;
tt4651520;nm0601859;
tt2141773;nm0316139;
tt2141773;nm0795842;
tt16280138;nm0001752;
tt11252248;nm1730221;
tt11252248;nm1475594;
tt6264654;nm0506613;
tt6733874;nm0860483;
tt6182908;nm0456732;
tt6182908;nm1134222;
tt7699354;nm1029172;
tt7699354;nm2985993;
tt5439796;nm0001752;
tt4116284;nm0003021;
tt15257160;nm0946734;
tt0870154;nm1429471;
tt6842770;nm0788234;
tt8332922;nm1024677;
tt6644200;nm1024677;
tt4131800;nm2149505;
tt4155534;nm0051643;
tt4155534;nm1762349;
tt4155534;nm1445824;
tt3631112;nm0853238;
tt2381991;nm1031639;
tt3397884;nm0898288;
tt2180411;nm0551128;
tt14230458;nm0487166;
tt11729844;nm0487166;
tt3228774;nm0318916;
tt13972044;nm2591093;
tt11438728;nm0310615;
tt1560220;nm0281508;
tt9471222;nm2953547;
tt9471222;nm2997903;
tt10177486;nm5968383;
tt5083738;nm0487166;
tt4622512;nm0206760;
tt4622512;nm0267512;
tt3783958;nm3227090;
tt14813150;nm1626716;
tt11433048;nm6828035;
tt6914122;nm1189755;
tt8368406;nm2705923;
tt7339248;nm2720681;
tt6866224;nm1243740;
tt0974015;nm0811583;
tt6817212;nm4784847;
tt3110958;nm0160840;
tt16419074;nm0000255;
tt4244994;nm0000631;
tt10696896;nm0565336;
tt11525644;nm0001752;
tt6521876;nm0003620;
tt1950186;nm0003506;
tt7153766;nm0001752;
tt3501632;nm0169806;
tt0491175;nm0000123;
tt15326988;nm0002077;
tt1649418;nm0751577;
tt1649418;nm0751648;
tt10298810;nm0533691;
tt4995776;nm1356268;
tt4154664;nm1349818;
tt4154664;nm0281396;
tt4481414;nm1989536;
tt8080204;nm0001675;
tt11128440;nm0003620;
tt2180339;nm0001490;
tt3108894;nm0000123;
tt8544498;nm0640334;
tt7456312;nm2011696;
tt1488606;nm1170855;
tt2361317;nm0000255;
tt14230388;nm0027572;
tt7405458;nm0286975;
tt4593060;nm0000709;
tt3704428;nm0525303;
tt3420504;nm0764601;
tt6878306;nm0339030;
tt13143964;nm0938471;
tt6048922;nm0773689;
tt3224458;nm1716636;
tt6294822;nm0000229;
tt7452910;nm0454660;
tt18083578;nm0192090;
tt14153080;nm0103785;
tt13141250;nm0303032;
tt11833408;nm0537550;
tt7469828;nm2008031;
tt5932368;nm0303032;
tt6802400;nm0108132;
tt18180926;nm0861610;
tt27805051;nm0276062;
tt2935622;nm0082450;
tt1488589;nm0868219;
tt1488589;nm0348993;
tt14444726;nm0276062;
tt22698426;nm8766332;
tt15760934;nm0104193;
tt12574336;nm2213147;
tt12574336;nm1883257;
tt12574336;nm0585747;
tt13651794;nm0001331;
tt15684770;nm0000204;
tt4682804;nm1279638;
tt4042818;nm0230859;
tt5960374;nm1227232;
tt2798920;nm0307497;
tt8918080;nm5049326;
tt6673574;nm2326407;
tt10172266;nm5870715;
tt27817437;nm1092087;
tt14109994;nm1257352;
tt2372251;nm0181579;
tt4003440;nm0001885;
tt4685806;nm1950060;
tt2503944;nm0920274;
tt9419884;nm0000600;
tt7556122;nm0697656;
tt6394270;nm0005366;
tt1620981;nm0862911;
tt1620981;nm0970447;
tt2139881;nm1349522;
tt9196186;nm0310615;
tt3721964;nm0003482;
tt5610554;nm0718646;
tt12573454;nm0139081;
tt12121582;nm0251986;
tt9357050;nm0154716;
tt11084896;nm4136807;
tt11084896;nm0868871;
tt6111574;nm0942504;
tt13617176;nm3817568;
tt7435316;nm0853380;
tt9643214;nm0345174;
tt7985692;nm0294505;
tt6046314;nm0919369;
tt6902696;nm0133326;
tt1517268;nm1950086;
tt6334354;nm0348181;
tt8376234;nm0323239;
tt7713068;nm4014166;
tt5294522;nm3098802;
tt2328900;nm6066050;
tt6905696;nm1553775;
tt4463816;nm2389363;
tt15364972;nm3122113;
tt10354106;nm0219136;
tt13334024;nm8680614;
tt11609074;nm1312575;
tt5807606;nm0463620;
tt1780967;nm4970700;
tt2866708;nm1424282;
tt6316466;nm3636870;
tt6566768;nm4462129;
tt5090568;nm4023702;
tt5113044;nm0049633;
tt5113044;nm1556070;
tt5113044;nm3646390;
tt9376612;nm2308774;
tt8368408;nm4142927;
tt7638348;nm0138620;
tt8623904;nm0082450;
tt3447590;nm0911334;
tt19224994;nm4598514;
tt13649036;nm0612720;
tt7097896;nm0785227;
tt11127680;nm0053028;
tt11009048;nm7564700;
tt6587046;nm0594503;
tt19064880;nm0716257;
tt1877830;nm0716257;
tt7395114;nm1290515;
tt11657754;nm5777850;
tt7984766;nm2391575;
tt7984734;nm3211470;
tt4827558;nm0219136;
tt5881528;nm0954655;
tt5881528;nm0954658;
tt9726818;nm1509478;
tt9726818;nm1343394;
tt7250312;nm1871577;
tt4846232;nm1509478;
tt4846232;nm1343394;
tt1212428;nm0336695;
tt11813216;nm1732981;
tt12262116;nm0000165;
tt8633464;nm3226379;
tt9664108;nm1139726;
tt3089630;nm0000110;
tt8367814;nm0005363;
tt3861390;nm0000318;
tt9670896;nm2185596;
tt9670896;nm5265222;
tt4218572;nm2588606;
tt5592248;nm0001068;
tt8258502;nm0204628;
tt21192142;nm0354091;
tt6875952;nm1018521;
tt19770238;nm3834799;
tt10375396;nm5516767;
tt10375396;nm2326407;
tt9100054;nm0350454;
tt15521220;nm3564817;
tt12921670;nm8534613;
tt12921670;nm8534614;
tt10681614;nm7395735;
tt10681614;nm2313382;
tt12235102;nm10123528;
tt12235102;nm10123533;
tt13391802;nm1049433;
tt11564570;nm0426059;
tt5843850;nm2197025;
tt2379713;nm0005222;
tt5177694;nm0001220;
tt1074638;nm0005222;
tt1568346;nm0000399;
tt0983193;nm0000229;
tt1462041;nm0006487;
